worker,position,time,month,activity
Alicia Taylor,Compensation Administrator,Afternoon,Janfirsthalf,Request One-Time Payment
Alicia Taylor,Compensation Administrator,Morning,Augsecondhalf,One-Time Payment History
Alicia Taylor,Compensation Administrator,Morning,Febsecondhalf,One-Time Payment History
Alicia Taylor,Compensation Administrator,Morning,Sepfirsthalf,Edit Compensation Package
Alicia Taylor,Compensation Administrator,Early Day,Sepsecondhalf,One-Time Payment History
Alicia Taylor,Compensation Administrator,Afternoon,Aprsecondhalf,Maintain Compensation Steps
Alicia Taylor,Compensation Administrator,Afternoon,Octfirsthalf,Assign Future Payment Plans
Alicia Taylor,Compensation Administrator,Morning,Jansecondhalf,One-Time Payment History
Alicia Taylor,Compensation Administrator,Nightfall,Febsecondhalf,Request Compensation Change
Alicia Taylor,Compensation Administrator,Afternoon,Marsecondhalf,View Compensation
Alicia Taylor,Compensation Administrator,Nightfall,Aprsecondhalf,Manage Period Activity Pay Assignments
Alicia Taylor,Compensation Administrator,Afternoon,Marfirsthalf,View Total Rewards
Alicia Taylor,Compensation Administrator,Early Day,Decfirsthalf,Compensation Plan Assignment Audit
Alicia Taylor,Compensation Administrator,Afternoon,Junfirsthalf,Maintain ~Locality Pay~
Alicia Taylor,Compensation Administrator,Nightfall,Augsecondhalf,Request Compensation Change
Alicia Taylor,Compensation Administrator,Afternoon,Aprfirsthalf,One-Time Payment History
Alicia Taylor,Compensation Administrator,Afternoon,Octsecondhalf,In Progress Compensation Changes
Alicia Taylor,Compensation Administrator,Early Day,Decfirsthalf,Maintain ~Locality Pay~
Alicia Taylor,Compensation Administrator,Afternoon,Febfirsthalf,One-Time Payment History
Alicia Taylor,Compensation Administrator,Nightfall,Novfirsthalf,Request Compensation Change
Alicia Taylor,Compensation Administrator,Nightfall,Decfirsthalf,Edit Compensation Package
Alicia Taylor,Compensation Administrator,Afternoon,Febfirsthalf,Request One-Time Payment
Alicia Taylor,Compensation Administrator,Morning,Junfirsthalf,Request Compensation Change
Alicia Taylor,Compensation Administrator,Early Day,Febfirsthalf,Edit Compensation Package
Alicia Taylor,Compensation Administrator,Nightfall,Octfirsthalf,Assign Future Payment Plans
Alicia Taylor,Compensation Administrator,Afternoon,Octsecondhalf,Edit Compensation Package
Alicia Taylor,Compensation Administrator,Early Day,Marsecondhalf,Request Compensation Change
Alicia Taylor,Compensation Administrator,Nightfall,Jansecondhalf,One-Time Payment History
Alicia Taylor,Compensation Administrator,Early Day,Octsecondhalf,In Progress Compensation Changes
Alicia Taylor,Compensation Administrator,Early Day,Aprfirsthalf,Maintain ~Locality Pay~
Alicia Taylor,Compensation Administrator,Afternoon,Octfirsthalf,Assign Future Payment Plans
Alicia Taylor,Compensation Administrator,Nightfall,Aprsecondhalf,Edit Compensation Package
Alicia Taylor,Compensation Administrator,Early Day,Janfirsthalf,Maintain Compensation Steps
Alicia Taylor,Compensation Administrator,Morning,Octfirsthalf,Compensation Plan Assignment Audit
Alicia Taylor,Compensation Administrator,Morning,Marfirsthalf,Assign Future Payment Plans
Alicia Taylor,Compensation Administrator,Morning,Jansecondhalf,One-Time Payment History
Alicia Taylor,Compensation Administrator,Morning,Febsecondhalf,Compensation Plan Assignment Audit
Alicia Taylor,Compensation Administrator,Nightfall,Aprsecondhalf,Compensation Plan Assignment Audit
Alicia Taylor,Compensation Administrator,Morning,Aprsecondhalf,Request One-Time Payment
Alicia Taylor,Compensation Administrator,Early Day,Mayfirsthalf,Request One-Time Payment
Alicia Taylor,Compensation Administrator,Early Day,Junfirsthalf,Maintain Compensation Steps
Alicia Taylor,Compensation Administrator,Nightfall,Augfirsthalf,Assign Future Payment Plans
Alicia Taylor,Compensation Administrator,Nightfall,Marsecondhalf,Maintain Compensation Steps
Alicia Taylor,Compensation Administrator,Morning,Decsecondhalf,Request One-Time Payment
Alicia Taylor,Compensation Administrator,Nightfall,Junsecondhalf,Maintain Compensation Steps
Alicia Taylor,Compensation Administrator,Afternoon,Marfirsthalf,Assign Future Payment Plans
Alicia Taylor,Compensation Administrator,Early Day,Junfirsthalf,Assign Future Payment Plans
Alicia Taylor,Compensation Administrator,Early Day,Novfirsthalf,Request Compensation Change
Alicia Taylor,Compensation Administrator,Early Day,Aprfirsthalf,One-Time Payment History
Alicia Taylor,Compensation Administrator,Morning,Junsecondhalf,View Total Rewards
Alicia Taylor,Compensation Administrator,Morning,Sepfirsthalf,Assign Future Payment Plans
Alicia Taylor,Compensation Administrator,Afternoon,Augfirsthalf,One-Time Payment History
Alicia Taylor,Compensation Administrator,Morning,Aprfirsthalf,Manage Period Activity Pay Assignments
Alicia Taylor,Compensation Administrator,Nightfall,Novsecondhalf,Request One-Time Payment
Alicia Taylor,Compensation Administrator,Early Day,Decsecondhalf,In Progress Compensation Changes
Alicia Taylor,Compensation Administrator,Early Day,Maysecondhalf,Compensation Plan Assignment Audit
Alicia Taylor,Compensation Administrator,Nightfall,Sepsecondhalf,Request Compensation Change
Alicia Taylor,Compensation Administrator,Afternoon,Sepfirsthalf,Compensation Plan Assignment Audit
Alicia Taylor,Compensation Administrator,Afternoon,Janfirsthalf,View Total Rewards
Alicia Taylor,Compensation Administrator,Early Day,Jansecondhalf,Edit Compensation Package
Alicia Taylor,Compensation Administrator,Early Day,Novsecondhalf,Manage Period Activity Pay Assignments
Alicia Taylor,Compensation Administrator,Nightfall,Julsecondhalf,Assign Future Payment Plans
Alicia Taylor,Compensation Administrator,Nightfall,Julsecondhalf,In Progress Compensation Changes
Alicia Taylor,Compensation Administrator,Nightfall,Maysecondhalf,Maintain Compensation Steps
Alicia Taylor,Compensation Administrator,Nightfall,Novsecondhalf,Maintain ~Locality Pay~
Alicia Taylor,Compensation Administrator,Early Day,Augfirsthalf,In Progress Compensation Changes
Alicia Taylor,Compensation Administrator,Early Day,Sepfirsthalf,Request One-Time Payment
Alicia Taylor,Compensation Administrator,Morning,Decsecondhalf,View Total Rewards
Alicia Taylor,Compensation Administrator,Early Day,Jansecondhalf,Maintain Compensation Steps
Alicia Taylor,Compensation Administrator,Nightfall,Julfirsthalf,Manage Period Activity Pay Assignments
Alicia Taylor,Compensation Administrator,Nightfall,Augsecondhalf,One-Time Payment History
Alicia Taylor,Compensation Administrator,Afternoon,Marfirsthalf,In Progress Compensation Changes
Alicia Taylor,Compensation Administrator,Nightfall,Julsecondhalf,Manage Period Activity Pay Assignments
Alicia Taylor,Compensation Administrator,Nightfall,Novsecondhalf,Maintain ~Locality Pay~
Alicia Taylor,Compensation Administrator,Afternoon,Aprsecondhalf,Edit Compensation Package
Alicia Taylor,Compensation Administrator,Morning,Junfirsthalf,Assign Future Payment Plans
Alicia Taylor,Compensation Administrator,Morning,Maysecondhalf,In Progress Compensation Changes
Alicia Taylor,Compensation Administrator,Morning,Junsecondhalf,Assign Future Payment Plans
Alicia Taylor,Compensation Administrator,Early Day,Augfirsthalf,View Total Rewards
Alicia Taylor,Compensation Administrator,Afternoon,Novfirsthalf,One-Time Payment History
Alicia Taylor,Compensation Administrator,Morning,Maysecondhalf,Request One-Time Payment
Alicia Taylor,Compensation Administrator,Early Day,Decsecondhalf,Request One-Time Payment
Alicia Taylor,Compensation Administrator,Afternoon,Aprfirsthalf,In Progress Compensation Changes
Alicia Taylor,Compensation Administrator,Nightfall,Febsecondhalf,Maintain Compensation Steps
Alicia Taylor,Compensation Administrator,Nightfall,Julfirsthalf,One-Time Payment History
Alicia Taylor,Compensation Administrator,Early Day,Julfirsthalf,Maintain ~Locality Pay~
Alicia Taylor,Compensation Administrator,Nightfall,Augsecondhalf,One-Time Payment History
Alicia Taylor,Compensation Administrator,Morning,Sepsecondhalf,Request One-Time Payment
Alicia Taylor,Compensation Administrator,Nightfall,Marfirsthalf,Manage Period Activity Pay Assignments
Alicia Taylor,Compensation Administrator,Nightfall,Febfirsthalf,In Progress Compensation Changes
Alicia Taylor,Compensation Administrator,Nightfall,Jansecondhalf,Edit Compensation Package
Alicia Taylor,Compensation Administrator,Afternoon,Febfirsthalf,In Progress Compensation Changes
Alicia Taylor,Compensation Administrator,Early Day,Novsecondhalf,Maintain ~Locality Pay~
Alicia Taylor,Compensation Administrator,Afternoon,Febfirsthalf,One-Time Payment History
Alicia Taylor,Compensation Administrator,Nightfall,Sepfirsthalf,Request Compensation Change
Alicia Taylor,Compensation Administrator,Nightfall,Junfirsthalf,Assign Future Payment Plans
Alicia Taylor,Compensation Administrator,Nightfall,Junsecondhalf,Maintain ~Locality Pay~
Alicia Taylor,Compensation Administrator,Morning,Febfirsthalf,Assign Future Payment Plans
Alicia Taylor,Compensation Administrator,Morning,Julsecondhalf,Maintain ~Locality Pay~
Alicia Taylor,Compensation Administrator,Afternoon,Marsecondhalf,One-Time Payment History
Alicia Taylor,Compensation Administrator,Nightfall,Sepfirsthalf,Assign Future Payment Plans
Alicia Taylor,Compensation Administrator,Morning,Febsecondhalf,One-Time Payment History
Alicia Taylor,Compensation Administrator,Nightfall,Julsecondhalf,View Total Rewards
Alicia Taylor,Compensation Administrator,Afternoon,Aprfirsthalf,Assign Future Payment Plans
Alicia Taylor,Compensation Administrator,Afternoon,Augfirsthalf,Assign Future Payment Plans
Alicia Taylor,Compensation Administrator,Early Day,Febsecondhalf,Edit Compensation Package
Alicia Taylor,Compensation Administrator,Morning,Novfirsthalf,Manage Period Activity Pay Assignments
Alicia Taylor,Compensation Administrator,Afternoon,Marsecondhalf,Maintain ~Locality Pay~
Alicia Taylor,Compensation Administrator,Afternoon,Novfirsthalf,One-Time Payment History
Alicia Taylor,Compensation Administrator,Early Day,Sepsecondhalf,Maintain ~Locality Pay~
Alicia Taylor,Compensation Administrator,Morning,Maysecondhalf,One-Time Payment History
Alicia Taylor,Compensation Administrator,Morning,Novfirsthalf,Edit Compensation Package
Alicia Taylor,Compensation Administrator,Early Day,Junfirsthalf,Maintain Compensation Steps
Alicia Taylor,Compensation Administrator,Afternoon,Decsecondhalf,In Progress Compensation Changes
Alicia Taylor,Compensation Administrator,Early Day,Augsecondhalf,Request Compensation Change
Alicia Taylor,Compensation Administrator,Early Day,Octsecondhalf,Request One-Time Payment
Alicia Taylor,Compensation Administrator,Afternoon,Marfirsthalf,Maintain Compensation Steps
Alicia Taylor,Compensation Administrator,Nightfall,Novfirsthalf,Manage Period Activity Pay Assignments
Alicia Taylor,Compensation Administrator,Morning,Aprsecondhalf,Request Compensation Change
Alicia Taylor,Compensation Administrator,Afternoon,Mayfirsthalf,Compensation Plan Assignment Audit
Alicia Taylor,Compensation Administrator,Nightfall,Novsecondhalf,In Progress Compensation Changes
Alicia Taylor,Compensation Administrator,Nightfall,Augfirsthalf,In Progress Compensation Changes
Alicia Taylor,Compensation Administrator,Early Day,Febfirsthalf,Edit Compensation Package
Alicia Taylor,Compensation Administrator,Nightfall,Aprsecondhalf,Maintain ~Locality Pay~
Alicia Taylor,Compensation Administrator,Afternoon,Octsecondhalf,Edit Compensation Package
Alicia Taylor,Compensation Administrator,Morning,Decfirsthalf,Assign Future Payment Plans
Alicia Taylor,Compensation Administrator,Early Day,Febsecondhalf,Maintain Compensation Steps
Alicia Taylor,Compensation Administrator,Nightfall,Augsecondhalf,View Total Rewards
Alicia Taylor,Compensation Administrator,Afternoon,Octfirsthalf,Maintain Compensation Steps
Alicia Taylor,Compensation Administrator,Afternoon,Jansecondhalf,Request One-Time Payment
Alicia Taylor,Compensation Administrator,Afternoon,Sepfirsthalf,Edit Compensation Package
Alicia Taylor,Compensation Administrator,Morning,Marsecondhalf,In Progress Compensation Changes
Alicia Taylor,Compensation Administrator,Nightfall,Sepsecondhalf,Edit Compensation Package
Alicia Taylor,Compensation Administrator,Early Day,Julfirsthalf,Edit Compensation Package
Alicia Taylor,Compensation Administrator,Morning,Janfirsthalf,Compensation Plan Assignment Audit
Alicia Taylor,Compensation Administrator,Afternoon,Decsecondhalf,Manage Period Activity Pay Assignments
Alicia Taylor,Compensation Administrator,Afternoon,Decsecondhalf,One-Time Payment History
Alicia Taylor,Compensation Administrator,Nightfall,Mayfirsthalf,One-Time Payment History
Alicia Taylor,Compensation Administrator,Early Day,Aprfirsthalf,In Progress Compensation Changes
Alicia Taylor,Compensation Administrator,Afternoon,Octfirsthalf,Request Compensation Change
Alicia Taylor,Compensation Administrator,Early Day,Julsecondhalf,One-Time Payment History
Alicia Taylor,Compensation Administrator,Afternoon,Febsecondhalf,One-Time Payment History
Alicia Taylor,Compensation Administrator,Early Day,Junfirsthalf,Maintain Compensation Steps
Alicia Taylor,Compensation Administrator,Morning,Julsecondhalf,Assign Future Payment Plans
Alicia Taylor,Compensation Administrator,Morning,Novsecondhalf,Assign Future Payment Plans
Alicia Taylor,Compensation Administrator,Morning,Aprfirsthalf,Maintain Compensation Steps
Alicia Taylor,Compensation Administrator,Afternoon,Marfirsthalf,Manage Period Activity Pay Assignments
Alicia Taylor,Compensation Administrator,Afternoon,Aprfirsthalf,Request One-Time Payment
Alicia Taylor,Compensation Administrator,Afternoon,Mayfirsthalf,Request One-Time Payment
Alicia Taylor,Compensation Administrator,Morning,Marfirsthalf,Edit Compensation Package
Alicia Taylor,Compensation Administrator,Morning,Novfirsthalf,View Total Rewards
Alicia Taylor,Compensation Administrator,Afternoon,Marfirsthalf,Request One-Time Payment
Alicia Taylor,Compensation Administrator,Afternoon,Novfirsthalf,Edit Compensation Package
Alicia Taylor,Compensation Administrator,Early Day,Julsecondhalf,Edit Compensation Package
Alicia Taylor,Compensation Administrator,Afternoon,Mayfirsthalf,View Total Rewards
Alicia Taylor,Compensation Administrator,Nightfall,Junsecondhalf,One-Time Payment History
Alicia Taylor,Compensation Administrator,Afternoon,Aprfirsthalf,Assign Future Payment Plans
Alicia Taylor,Compensation Administrator,Afternoon,Maysecondhalf,Compensation Plan Assignment Audit
Alicia Taylor,Compensation Administrator,Early Day,Maysecondhalf,One-Time Payment History
Alicia Taylor,Compensation Administrator,Nightfall,Febsecondhalf,Request One-Time Payment
Alicia Taylor,Compensation Administrator,Morning,Janfirsthalf,Compensation Plan Assignment Audit
Alicia Taylor,Compensation Administrator,Early Day,Marsecondhalf,Request One-Time Payment
Alicia Taylor,Compensation Administrator,Morning,Novfirsthalf,Maintain ~Locality Pay~
Alicia Taylor,Compensation Administrator,Nightfall,Mayfirsthalf,In Progress Compensation Changes
Alicia Taylor,Compensation Administrator,Early Day,Octsecondhalf,In Progress Compensation Changes
Alicia Taylor,Compensation Administrator,Afternoon,Marsecondhalf,Request Compensation Change
Alicia Taylor,Compensation Administrator,Nightfall,Julfirsthalf,Maintain Compensation Steps
Alicia Taylor,Compensation Administrator,Early Day,Augsecondhalf,Edit Compensation Package
Alicia Taylor,Compensation Administrator,Early Day,Junfirsthalf,Request One-Time Payment
Alicia Taylor,Compensation Administrator,Early Day,Decfirsthalf,Manage Period Activity Pay Assignments
Alicia Taylor,Compensation Administrator,Afternoon,Decsecondhalf,Edit Compensation Package
Alicia Taylor,Compensation Administrator,Afternoon,Marsecondhalf,View Total Rewards
Alicia Taylor,Compensation Administrator,Nightfall,Novsecondhalf,Request One-Time Payment
Alicia Taylor,Compensation Administrator,Afternoon,Decfirsthalf,Maintain ~Locality Pay~
Alicia Taylor,Compensation Administrator,Afternoon,Janfirsthalf,One-Time Payment History
Alicia Taylor,Compensation Administrator,Nightfall,Junfirsthalf,Maintain ~Locality Pay~
Alicia Taylor,Compensation Administrator,Morning,Sepfirsthalf,Compensation Plan Assignment Audit
Alicia Taylor,Compensation Administrator,Early Day,Junfirsthalf,One-Time Payment History
Alicia Taylor,Compensation Administrator,Early Day,Junsecondhalf,Edit Compensation Package
Alicia Taylor,Compensation Administrator,Nightfall,Novsecondhalf,Assign Future Payment Plans
Alicia Taylor,Compensation Administrator,Early Day,Junfirsthalf,Manage Period Activity Pay Assignments
Alicia Taylor,Compensation Administrator,Early Day,Novsecondhalf,One-Time Payment History
Alicia Taylor,Compensation Administrator,Early Day,Julfirsthalf,One-Time Payment History
Alicia Taylor,Compensation Administrator,Morning,Sepsecondhalf,One-Time Payment History
Alicia Taylor,Compensation Administrator,Nightfall,Julfirsthalf,Maintain Compensation Steps
Alicia Taylor,Compensation Administrator,Nightfall,Augsecondhalf,Request One-Time Payment
Alicia Taylor,Compensation Administrator,Morning,Sepsecondhalf,Request One-Time Payment
Alicia Taylor,Compensation Administrator,Morning,Augfirsthalf,Compensation Plan Assignment Audit
Alicia Taylor,Compensation Administrator,Morning,Mayfirsthalf,Edit Compensation Package
Alicia Taylor,Compensation Administrator,Early Day,Mayfirsthalf,Manage Period Activity Pay Assignments
Alicia Taylor,Compensation Administrator,Afternoon,Octsecondhalf,Assign Future Payment Plans
Alicia Taylor,Compensation Administrator,Nightfall,Aprfirsthalf,Request Compensation Change
Alicia Taylor,Compensation Administrator,Early Day,Jansecondhalf,Request One-Time Payment
Alicia Taylor,Compensation Administrator,Early Day,Decfirsthalf,View Total Rewards
Alicia Taylor,Compensation Administrator,Morning,Aprsecondhalf,One-Time Payment History
Alicia Taylor,Compensation Administrator,Morning,Novsecondhalf,One-Time Payment History
Alicia Taylor,Compensation Administrator,Nightfall,Febsecondhalf,Manage Period Activity Pay Assignments
Alicia Taylor,Compensation Administrator,Morning,Aprsecondhalf,Request Compensation Change
Alicia Taylor,Compensation Administrator,Nightfall,Augsecondhalf,Request Compensation Change
Alicia Taylor,Compensation Administrator,Nightfall,Julsecondhalf,Request One-Time Payment
Alicia Taylor,Compensation Administrator,Early Day,Aprfirsthalf,Assign Future Payment Plans
Alicia Taylor,Compensation Administrator,Nightfall,Julfirsthalf,Edit Compensation Package
Alicia Taylor,Compensation Administrator,Morning,Decsecondhalf,Request One-Time Payment
Alicia Taylor,Compensation Administrator,Nightfall,Augsecondhalf,Edit Compensation Package
Alicia Taylor,Compensation Administrator,Afternoon,Julfirsthalf,In Progress Compensation Changes
Alicia Taylor,Compensation Administrator,Morning,Novfirsthalf,View Compensation
Alicia Taylor,Compensation Administrator,Early Day,Jansecondhalf,One-Time Payment History
Alicia Taylor,Compensation Administrator,Nightfall,Octsecondhalf,In Progress Compensation Changes
Alicia Taylor,Compensation Administrator,Early Day,Janfirsthalf,Request One-Time Payment
Alicia Taylor,Compensation Administrator,Afternoon,Octfirsthalf,Edit Compensation Package
Alicia Taylor,Compensation Administrator,Afternoon,Octsecondhalf,Assign Future Payment Plans
Alicia Taylor,Compensation Administrator,Afternoon,Octsecondhalf,In Progress Compensation Changes
Alicia Taylor,Compensation Administrator,Nightfall,Decsecondhalf,One-Time Payment History
Alicia Taylor,Compensation Administrator,Early Day,Marfirsthalf,Compensation Plan Assignment Audit
Alicia Taylor,Compensation Administrator,Afternoon,Febfirsthalf,Maintain Compensation Steps
Alicia Taylor,Compensation Administrator,Afternoon,Febfirsthalf,Assign Future Payment Plans
Alicia Taylor,Compensation Administrator,Nightfall,Decsecondhalf,Manage Period Activity Pay Assignments
Alicia Taylor,Compensation Administrator,Early Day,Maysecondhalf,In Progress Compensation Changes
Alicia Taylor,Compensation Administrator,Afternoon,Aprsecondhalf,View Total Rewards
Alicia Taylor,Compensation Administrator,Nightfall,Janfirsthalf,Manage Period Activity Pay Assignments
Alicia Taylor,Compensation Administrator,Morning,Novfirsthalf,Manage Period Activity Pay Assignments
Alicia Taylor,Compensation Administrator,Morning,Augsecondhalf,Edit Compensation Package
Alicia Taylor,Compensation Administrator,Afternoon,Sepsecondhalf,View Total Rewards
Alicia Taylor,Compensation Administrator,Nightfall,Marsecondhalf,View Compensation
Alicia Taylor,Compensation Administrator,Afternoon,Janfirsthalf,Edit Compensation Package
Alicia Taylor,Compensation Administrator,Morning,Octfirsthalf,View Total Rewards
Alicia Taylor,Compensation Administrator,Nightfall,Novsecondhalf,View Total Rewards
Alicia Taylor,Compensation Administrator,Nightfall,Jansecondhalf,View Total Rewards
Alicia Taylor,Compensation Administrator,Early Day,Aprsecondhalf,One-Time Payment History
Alicia Taylor,Compensation Administrator,Nightfall,Aprsecondhalf,Maintain Compensation Steps
Alicia Taylor,Compensation Administrator,Early Day,Aprsecondhalf,Request Compensation Change
Alicia Taylor,Compensation Administrator,Morning,Maysecondhalf,Compensation Plan Assignment Audit
Alicia Taylor,Compensation Administrator,Afternoon,Octsecondhalf,Compensation Plan Assignment Audit
Alicia Taylor,Compensation Administrator,Morning,Marfirsthalf,Edit Compensation Package
Alicia Taylor,Compensation Administrator,Nightfall,Junfirsthalf,Request Compensation Change
Alicia Taylor,Compensation Administrator,Afternoon,Octsecondhalf,Maintain Compensation Steps
Alicia Taylor,Compensation Administrator,Morning,Augfirsthalf,Edit Compensation Package
Alicia Taylor,Compensation Administrator,Morning,Octfirsthalf,One-Time Payment History
Alicia Taylor,Compensation Administrator,Afternoon,Augfirsthalf,Maintain Compensation Steps
Alicia Taylor,Compensation Administrator,Morning,Junfirsthalf,Request Compensation Change
Alicia Taylor,Compensation Administrator,Afternoon,Febsecondhalf,Maintain Compensation Steps
Alicia Taylor,Compensation Administrator,Morning,Janfirsthalf,Assign Future Payment Plans
Alicia Taylor,Compensation Administrator,Early Day,Julfirsthalf,In Progress Compensation Changes
Alicia Taylor,Compensation Administrator,Nightfall,Novsecondhalf,Request One-Time Payment
Alicia Taylor,Compensation Administrator,Early Day,Febfirsthalf,Request One-Time Payment
Alicia Taylor,Compensation Administrator,Early Day,Jansecondhalf,View Compensation
Alicia Taylor,Compensation Administrator,Early Day,Augsecondhalf,Request One-Time Payment
Alicia Taylor,Compensation Administrator,Afternoon,Junsecondhalf,Assign Future Payment Plans
Alicia Taylor,Compensation Administrator,Nightfall,Augsecondhalf,View Total Rewards
Alicia Taylor,Compensation Administrator,Early Day,Janfirsthalf,Manage Period Activity Pay Assignments
Alicia Taylor,Compensation Administrator,Early Day,Aprsecondhalf,Request Compensation Change
Alicia Taylor,Compensation Administrator,Nightfall,Julsecondhalf,Maintain ~Locality Pay~
Alicia Taylor,Compensation Administrator,Early Day,Mayfirsthalf,One-Time Payment History
Alicia Taylor,Compensation Administrator,Afternoon,Novsecondhalf,Edit Compensation Package
Alicia Taylor,Compensation Administrator,Early Day,Octfirsthalf,Edit Compensation Package
Alicia Taylor,Compensation Administrator,Afternoon,Aprsecondhalf,Request One-Time Payment
Alicia Taylor,Compensation Administrator,Early Day,Sepsecondhalf,Compensation Plan Assignment Audit
Alicia Taylor,Compensation Administrator,Nightfall,Novfirsthalf,One-Time Payment History
Alicia Taylor,Compensation Administrator,Afternoon,Febfirsthalf,Maintain Compensation Steps
Alicia Taylor,Compensation Administrator,Morning,Junfirsthalf,Maintain ~Locality Pay~
Alicia Taylor,Compensation Administrator,Early Day,Junsecondhalf,Request Compensation Change
Alicia Taylor,Compensation Administrator,Morning,Sepfirsthalf,One-Time Payment History
Alicia Taylor,Compensation Administrator,Nightfall,Decsecondhalf,View Total Rewards
Alicia Taylor,Compensation Administrator,Afternoon,Aprsecondhalf,Request One-Time Payment
Alicia Taylor,Compensation Administrator,Nightfall,Augfirsthalf,One-Time Payment History
Alicia Taylor,Compensation Administrator,Afternoon,Marsecondhalf,Maintain Compensation Steps
Alicia Taylor,Compensation Administrator,Afternoon,Jansecondhalf,One-Time Payment History
Alicia Taylor,Compensation Administrator,Afternoon,Junsecondhalf,Maintain ~Locality Pay~
Alicia Taylor,Compensation Administrator,Early Day,Novfirsthalf,Request One-Time Payment
Alicia Taylor,Compensation Administrator,Afternoon,Octfirsthalf,View Compensation
Alicia Taylor,Compensation Administrator,Morning,Aprsecondhalf,Request One-Time Payment
Alicia Taylor,Compensation Administrator,Morning,Julsecondhalf,View Total Rewards
Alicia Taylor,Compensation Administrator,Nightfall,Novsecondhalf,Request One-Time Payment
Alicia Taylor,Compensation Administrator,Nightfall,Marfirsthalf,Edit Compensation Package
Alicia Taylor,Compensation Administrator,Morning,Febsecondhalf,Request Compensation Change
Alicia Taylor,Compensation Administrator,Early Day,Junsecondhalf,Edit Compensation Package
Alicia Taylor,Compensation Administrator,Nightfall,Aprsecondhalf,View Total Rewards
Alicia Taylor,Compensation Administrator,Afternoon,Maysecondhalf,In Progress Compensation Changes
Alicia Taylor,Compensation Administrator,Afternoon,Julfirsthalf,Manage Period Activity Pay Assignments
Alicia Taylor,Compensation Administrator,Early Day,Augfirsthalf,Edit Compensation Package
Alicia Taylor,Compensation Administrator,Early Day,Sepfirsthalf,Maintain Compensation Steps
Alicia Taylor,Compensation Administrator,Early Day,Augfirsthalf,One-Time Payment History
Alicia Taylor,Compensation Administrator,Morning,Octfirsthalf,Manage Period Activity Pay Assignments
Alicia Taylor,Compensation Administrator,Early Day,Janfirsthalf,Compensation Plan Assignment Audit
Alicia Taylor,Compensation Administrator,Early Day,Decfirsthalf,Assign Future Payment Plans
Alicia Taylor,Compensation Administrator,Afternoon,Mayfirsthalf,Edit Compensation Package
Alicia Taylor,Compensation Administrator,Afternoon,Sepsecondhalf,Request One-Time Payment
Alicia Taylor,Compensation Administrator,Morning,Augsecondhalf,One-Time Payment History
Alicia Taylor,Compensation Administrator,Early Day,Decsecondhalf,Request One-Time Payment
Alicia Taylor,Compensation Administrator,Afternoon,Julfirsthalf,View Total Rewards
Alicia Taylor,Compensation Administrator,Nightfall,Junsecondhalf,In Progress Compensation Changes
Alicia Taylor,Compensation Administrator,Nightfall,Novfirsthalf,Manage Period Activity Pay Assignments
Alicia Taylor,Compensation Administrator,Early Day,Decsecondhalf,In Progress Compensation Changes
Alicia Taylor,Compensation Administrator,Early Day,Jansecondhalf,Compensation Plan Assignment Audit
Alicia Taylor,Compensation Administrator,Nightfall,Febfirsthalf,In Progress Compensation Changes
Alicia Taylor,Compensation Administrator,Morning,Julfirsthalf,Request Compensation Change
Alicia Taylor,Compensation Administrator,Early Day,Novfirsthalf,View Total Rewards
Alicia Taylor,Compensation Administrator,Nightfall,Junfirsthalf,In Progress Compensation Changes
Alicia Taylor,Compensation Administrator,Morning,Marfirsthalf,Request One-Time Payment
Alicia Taylor,Compensation Administrator,Early Day,Febsecondhalf,Maintain ~Locality Pay~
Alicia Taylor,Compensation Administrator,Morning,Octfirsthalf,In Progress Compensation Changes
Alicia Taylor,Compensation Administrator,Morning,Febfirsthalf,View Total Rewards
Alicia Taylor,Compensation Administrator,Morning,Marsecondhalf,Edit Compensation Package
Alicia Taylor,Compensation Administrator,Morning,Sepfirsthalf,View Total Rewards
Alicia Taylor,Compensation Administrator,Morning,Febsecondhalf,In Progress Compensation Changes
Alicia Taylor,Compensation Administrator,Early Day,Augsecondhalf,Assign Future Payment Plans
Alicia Taylor,Compensation Administrator,Morning,Decfirsthalf,Assign Future Payment Plans
Alicia Taylor,Compensation Administrator,Nightfall,Octfirsthalf,Maintain Compensation Steps
Alicia Taylor,Compensation Administrator,Morning,Junfirsthalf,In Progress Compensation Changes
Alicia Taylor,Compensation Administrator,Nightfall,Febfirsthalf,In Progress Compensation Changes
Alicia Taylor,Compensation Administrator,Afternoon,Janfirsthalf,One-Time Payment History
Alicia Taylor,Compensation Administrator,Nightfall,Decsecondhalf,View Total Rewards
Alicia Taylor,Compensation Administrator,Morning,Febfirsthalf,Edit Compensation Package
Alicia Taylor,Compensation Administrator,Nightfall,Junfirsthalf,Maintain Compensation Steps
Alicia Taylor,Compensation Administrator,Early Day,Aprfirsthalf,Maintain Compensation Steps
Alicia Taylor,Compensation Administrator,Early Day,Julsecondhalf,Request One-Time Payment
Alicia Taylor,Compensation Administrator,Early Day,Junsecondhalf,Compensation Plan Assignment Audit
Alicia Taylor,Compensation Administrator,Morning,Decfirsthalf,In Progress Compensation Changes
Alicia Taylor,Compensation Administrator,Morning,Mayfirsthalf,View Total Rewards
Alicia Taylor,Compensation Administrator,Early Day,Julfirsthalf,Request Compensation Change
Alicia Taylor,Compensation Administrator,Afternoon,Augfirsthalf,Maintain Compensation Steps
Alicia Taylor,Compensation Administrator,Nightfall,Mayfirsthalf,One-Time Payment History
Alicia Taylor,Compensation Administrator,Early Day,Octfirsthalf,Request Compensation Change
Alicia Taylor,Compensation Administrator,Nightfall,Decsecondhalf,View Compensation
Alicia Taylor,Compensation Administrator,Afternoon,Octsecondhalf,Manage Period Activity Pay Assignments
Alicia Taylor,Compensation Administrator,Morning,Sepsecondhalf,View Total Rewards
Alicia Taylor,Compensation Administrator,Morning,Sepsecondhalf,Manage Period Activity Pay Assignments
Alicia Taylor,Compensation Administrator,Morning,Decfirsthalf,One-Time Payment History
Alicia Taylor,Compensation Administrator,Early Day,Marsecondhalf,Maintain ~Locality Pay~
Alicia Taylor,Compensation Administrator,Afternoon,Marsecondhalf,Compensation Plan Assignment Audit
Alicia Taylor,Compensation Administrator,Afternoon,Maysecondhalf,Request One-Time Payment
Alicia Taylor,Compensation Administrator,Morning,Octfirsthalf,Request One-Time Payment
Alicia Taylor,Compensation Administrator,Early Day,Aprsecondhalf,View Total Rewards
Alicia Taylor,Compensation Administrator,Nightfall,Novsecondhalf,Manage Period Activity Pay Assignments
Alicia Taylor,Compensation Administrator,Early Day,Decfirsthalf,In Progress Compensation Changes
Alicia Taylor,Compensation Administrator,Afternoon,Decfirsthalf,In Progress Compensation Changes
Alicia Taylor,Compensation Administrator,Morning,Decfirsthalf,Request Compensation Change
Alicia Taylor,Compensation Administrator,Morning,Jansecondhalf,Edit Compensation Package
Alicia Taylor,Compensation Administrator,Nightfall,Augsecondhalf,Maintain Compensation Steps
Alicia Taylor,Compensation Administrator,Early Day,Novsecondhalf,Request One-Time Payment
Alicia Taylor,Compensation Administrator,Early Day,Octsecondhalf,Request Compensation Change
Alicia Taylor,Compensation Administrator,Nightfall,Sepsecondhalf,Manage Period Activity Pay Assignments
Alicia Taylor,Compensation Administrator,Afternoon,Sepfirsthalf,Edit Compensation Package
Alicia Taylor,Compensation Administrator,Morning,Junsecondhalf,One-Time Payment History
Alicia Taylor,Compensation Administrator,Afternoon,Febsecondhalf,One-Time Payment History
Alicia Taylor,Compensation Administrator,Early Day,Augfirsthalf,Request One-Time Payment
Alicia Taylor,Compensation Administrator,Morning,Sepfirsthalf,View Total Rewards
Alicia Taylor,Compensation Administrator,Nightfall,Marsecondhalf,Manage Period Activity Pay Assignments
Alicia Taylor,Compensation Administrator,Morning,Julfirsthalf,Maintain ~Locality Pay~
Alicia Taylor,Compensation Administrator,Morning,Sepfirsthalf,Request One-Time Payment
Alicia Taylor,Compensation Administrator,Early Day,Febsecondhalf,Manage Period Activity Pay Assignments
Alicia Taylor,Compensation Administrator,Early Day,Mayfirsthalf,Manage Period Activity Pay Assignments
Alicia Taylor,Compensation Administrator,Nightfall,Marfirsthalf,Maintain ~Locality Pay~
Alicia Taylor,Compensation Administrator,Morning,Mayfirsthalf,Assign Future Payment Plans
Alicia Taylor,Compensation Administrator,Early Day,Sepsecondhalf,Manage Period Activity Pay Assignments
Alicia Taylor,Compensation Administrator,Afternoon,Marsecondhalf,Request One-Time Payment
Alicia Taylor,Compensation Administrator,Morning,Sepsecondhalf,Request Compensation Change
Alicia Taylor,Compensation Administrator,Morning,Sepsecondhalf,Maintain ~Locality Pay~
Alicia Taylor,Compensation Administrator,Morning,Junfirsthalf,In Progress Compensation Changes
Alicia Taylor,Compensation Administrator,Morning,Febsecondhalf,One-Time Payment History
Alicia Taylor,Compensation Administrator,Nightfall,Marfirsthalf,Manage Period Activity Pay Assignments
Alicia Taylor,Compensation Administrator,Afternoon,Febsecondhalf,Edit Compensation Package
Alicia Taylor,Compensation Administrator,Nightfall,Octfirsthalf,Request Compensation Change
Alicia Taylor,Compensation Administrator,Morning,Aprfirsthalf,Compensation Plan Assignment Audit
Alicia Taylor,Compensation Administrator,Morning,Novfirsthalf,Compensation Plan Assignment Audit
Alicia Taylor,Compensation Administrator,Afternoon,Marfirsthalf,Edit Compensation Package
Alicia Taylor,Compensation Administrator,Afternoon,Novsecondhalf,Maintain Compensation Steps
Alicia Taylor,Compensation Administrator,Early Day,Febsecondhalf,View Total Rewards
Alicia Taylor,Compensation Administrator,Afternoon,Novfirsthalf,Maintain Compensation Steps
Alicia Taylor,Compensation Administrator,Nightfall,Augfirsthalf,View Total Rewards
Alicia Taylor,Compensation Administrator,Early Day,Sepfirsthalf,Assign Future Payment Plans
Alicia Taylor,Compensation Administrator,Afternoon,Octfirsthalf,View Total Rewards
Alicia Taylor,Compensation Administrator,Morning,Novfirsthalf,Assign Future Payment Plans
Alicia Taylor,Compensation Administrator,Early Day,Augsecondhalf,View Total Rewards
Alicia Taylor,Compensation Administrator,Morning,Julsecondhalf,In Progress Compensation Changes
Alicia Taylor,Compensation Administrator,Morning,Aprfirsthalf,In Progress Compensation Changes
Alicia Taylor,Compensation Administrator,Nightfall,Marsecondhalf,View Total Rewards
Alicia Taylor,Compensation Administrator,Afternoon,Marfirsthalf,Assign Future Payment Plans
Alicia Taylor,Compensation Administrator,Nightfall,Octsecondhalf,Maintain ~Locality Pay~
Alicia Taylor,Compensation Administrator,Morning,Febsecondhalf,Assign Future Payment Plans
Alicia Taylor,Compensation Administrator,Early Day,Decfirsthalf,Compensation Plan Assignment Audit
Alicia Taylor,Compensation Administrator,Afternoon,Maysecondhalf,Edit Compensation Package
Alicia Taylor,Compensation Administrator,Early Day,Novsecondhalf,In Progress Compensation Changes
Alicia Taylor,Compensation Administrator,Early Day,Junsecondhalf,Maintain ~Locality Pay~
Alicia Taylor,Compensation Administrator,Afternoon,Aprfirsthalf,In Progress Compensation Changes
Alicia Taylor,Compensation Administrator,Afternoon,Febfirsthalf,One-Time Payment History
Alicia Taylor,Compensation Administrator,Early Day,Decsecondhalf,Compensation Plan Assignment Audit
Alicia Taylor,Compensation Administrator,Morning,Decsecondhalf,Request Compensation Change
Alicia Taylor,Compensation Administrator,Morning,Sepsecondhalf,One-Time Payment History
Alicia Taylor,Compensation Administrator,Nightfall,Novfirsthalf,Assign Future Payment Plans
Alicia Taylor,Compensation Administrator,Early Day,Julsecondhalf,Manage Period Activity Pay Assignments
Alicia Taylor,Compensation Administrator,Nightfall,Maysecondhalf,Request Compensation Change
Alicia Taylor,Compensation Administrator,Morning,Augfirsthalf,Maintain Compensation Steps
Alicia Taylor,Compensation Administrator,Early Day,Octfirsthalf,Request One-Time Payment
Alicia Taylor,Compensation Administrator,Nightfall,Marsecondhalf,Compensation Plan Assignment Audit
Alicia Taylor,Compensation Administrator,Morning,Novsecondhalf,Request One-Time Payment
Alicia Taylor,Compensation Administrator,Morning,Decsecondhalf,One-Time Payment History
Alicia Taylor,Compensation Administrator,Early Day,Decfirsthalf,Request Compensation Change
Alicia Taylor,Compensation Administrator,Afternoon,Aprsecondhalf,View Total Rewards
Alicia Taylor,Compensation Administrator,Morning,Junfirsthalf,One-Time Payment History
Alicia Taylor,Compensation Administrator,Morning,Aprsecondhalf,Compensation Plan Assignment Audit
Alicia Taylor,Compensation Administrator,Morning,Julfirsthalf,Assign Future Payment Plans
Alicia Taylor,Compensation Administrator,Morning,Octfirsthalf,Compensation Plan Assignment Audit
Alicia Taylor,Compensation Administrator,Morning,Junsecondhalf,View Total Rewards
Alicia Taylor,Compensation Administrator,Afternoon,Febfirsthalf,Maintain Compensation Steps
Alicia Taylor,Compensation Administrator,Morning,Sepsecondhalf,One-Time Payment History
Alicia Taylor,Compensation Administrator,Morning,Decsecondhalf,Request Compensation Change
Alicia Taylor,Compensation Administrator,Nightfall,Febfirsthalf,One-Time Payment History
Alicia Taylor,Compensation Administrator,Nightfall,Sepfirsthalf,Request Compensation Change
Alicia Taylor,Compensation Administrator,Nightfall,Novsecondhalf,One-Time Payment History
Alicia Taylor,Compensation Administrator,Early Day,Augsecondhalf,Assign Future Payment Plans
Alicia Taylor,Compensation Administrator,Morning,Augsecondhalf,One-Time Payment History
Alicia Taylor,Compensation Administrator,Morning,Junsecondhalf,Edit Compensation Package
Alicia Taylor,Compensation Administrator,Nightfall,Jansecondhalf,Request Compensation Change
Alicia Taylor,Compensation Administrator,Morning,Augfirsthalf,Request One-Time Payment
Alicia Taylor,Compensation Administrator,Early Day,Maysecondhalf,One-Time Payment History
Alicia Taylor,Compensation Administrator,Afternoon,Octfirsthalf,Manage Period Activity Pay Assignments
Alicia Taylor,Compensation Administrator,Afternoon,Aprfirsthalf,Request Compensation Change
Alicia Taylor,Compensation Administrator,Afternoon,Mayfirsthalf,Maintain ~Locality Pay~
Alicia Taylor,Compensation Administrator,Afternoon,Janfirsthalf,Request One-Time Payment
Alicia Taylor,Compensation Administrator,Early Day,Julfirsthalf,Request One-Time Payment
Alicia Taylor,Compensation Administrator,Morning,Junfirsthalf,Request Compensation Change
Alicia Taylor,Compensation Administrator,Nightfall,Maysecondhalf,In Progress Compensation Changes
Alicia Taylor,Compensation Administrator,Nightfall,Jansecondhalf,Request Compensation Change
Alicia Taylor,Compensation Administrator,Nightfall,Julfirsthalf,Compensation Plan Assignment Audit
Alicia Taylor,Compensation Administrator,Nightfall,Augsecondhalf,In Progress Compensation Changes
Alicia Taylor,Compensation Administrator,Morning,Mayfirsthalf,Request One-Time Payment
Alicia Taylor,Compensation Administrator,Afternoon,Julsecondhalf,Assign Future Payment Plans
Alicia Taylor,Compensation Administrator,Afternoon,Octsecondhalf,Assign Future Payment Plans
Alicia Taylor,Compensation Administrator,Nightfall,Maysecondhalf,Request One-Time Payment
Alicia Taylor,Compensation Administrator,Early Day,Novfirsthalf,Manage Period Activity Pay Assignments
Alicia Taylor,Compensation Administrator,Afternoon,Sepfirsthalf,Manage Period Activity Pay Assignments
Alicia Taylor,Compensation Administrator,Nightfall,Marfirsthalf,Maintain ~Locality Pay~
Alicia Taylor,Compensation Administrator,Morning,Janfirsthalf,Manage Period Activity Pay Assignments
Alicia Taylor,Compensation Administrator,Early Day,Octfirsthalf,Maintain Compensation Steps
Alicia Taylor,Compensation Administrator,Nightfall,Febfirsthalf,Compensation Plan Assignment Audit
Alicia Taylor,Compensation Administrator,Afternoon,Octsecondhalf,Maintain Compensation Steps
Alicia Taylor,Compensation Administrator,Nightfall,Junsecondhalf,Request Compensation Change
Alicia Taylor,Compensation Administrator,Afternoon,Jansecondhalf,Request Compensation Change
Alicia Taylor,Compensation Administrator,Nightfall,Sepsecondhalf,Compensation Plan Assignment Audit
Alicia Taylor,Compensation Administrator,Nightfall,Aprsecondhalf,One-Time Payment History
Alicia Taylor,Compensation Administrator,Morning,Julsecondhalf,Request One-Time Payment
Alicia Taylor,Compensation Administrator,Afternoon,Julsecondhalf,In Progress Compensation Changes
Alicia Taylor,Compensation Administrator,Afternoon,Mayfirsthalf,Maintain ~Locality Pay~
Alicia Taylor,Compensation Administrator,Nightfall,Marfirsthalf,One-Time Payment History
Alicia Taylor,Compensation Administrator,Morning,Augfirsthalf,One-Time Payment History
Alicia Taylor,Compensation Administrator,Nightfall,Febfirsthalf,Edit Compensation Package
Alicia Taylor,Compensation Administrator,Early Day,Decsecondhalf,Request Compensation Change
Alicia Taylor,Compensation Administrator,Nightfall,Aprfirsthalf,One-Time Payment History
Alicia Taylor,Compensation Administrator,Morning,Julfirsthalf,One-Time Payment History
Alicia Taylor,Compensation Administrator,Nightfall,Decfirsthalf,One-Time Payment History
Alicia Taylor,Compensation Administrator,Afternoon,Janfirsthalf,One-Time Payment History
Alicia Taylor,Compensation Administrator,Nightfall,Febfirsthalf,Request One-Time Payment
Alicia Taylor,Compensation Administrator,Early Day,Jansecondhalf,In Progress Compensation Changes
Alicia Taylor,Compensation Administrator,Early Day,Mayfirsthalf,Request Compensation Change
Alicia Taylor,Compensation Administrator,Nightfall,Junsecondhalf,Maintain Compensation Steps
Alicia Taylor,Compensation Administrator,Morning,Janfirsthalf,View Total Rewards
Alicia Taylor,Compensation Administrator,Afternoon,Junfirsthalf,View Total Rewards
Alicia Taylor,Compensation Administrator,Morning,Maysecondhalf,View Total Rewards
Alicia Taylor,Compensation Administrator,Nightfall,Marfirsthalf,In Progress Compensation Changes
Alicia Taylor,Compensation Administrator,Early Day,Julfirsthalf,In Progress Compensation Changes
Alicia Taylor,Compensation Administrator,Afternoon,Febfirsthalf,One-Time Payment History
Alicia Taylor,Compensation Administrator,Early Day,Sepsecondhalf,Manage Period Activity Pay Assignments
Alicia Taylor,Compensation Administrator,Afternoon,Augsecondhalf,In Progress Compensation Changes
Alicia Taylor,Compensation Administrator,Nightfall,Aprfirsthalf,Assign Future Payment Plans
Alicia Taylor,Compensation Administrator,Afternoon,Marfirsthalf,Request Compensation Change
Alicia Taylor,Compensation Administrator,Morning,Jansecondhalf,One-Time Payment History
Alicia Taylor,Compensation Administrator,Nightfall,Janfirsthalf,Maintain ~Locality Pay~
Alicia Taylor,Compensation Administrator,Afternoon,Marfirsthalf,Request Compensation Change
Alicia Taylor,Compensation Administrator,Morning,Jansecondhalf,Maintain Compensation Steps
Alicia Taylor,Compensation Administrator,Nightfall,Octsecondhalf,Assign Future Payment Plans
Alicia Taylor,Compensation Administrator,Morning,Marsecondhalf,Edit Compensation Package
Alicia Taylor,Compensation Administrator,Afternoon,Marsecondhalf,One-Time Payment History
Alicia Taylor,Compensation Administrator,Afternoon,Novsecondhalf,One-Time Payment History
Alicia Taylor,Compensation Administrator,Nightfall,Mayfirsthalf,One-Time Payment History
Alicia Taylor,Compensation Administrator,Early Day,Sepsecondhalf,One-Time Payment History
Alicia Taylor,Compensation Administrator,Nightfall,Marfirsthalf,Request Compensation Change
Alicia Taylor,Compensation Administrator,Early Day,Decsecondhalf,Request One-Time Payment
Alicia Taylor,Compensation Administrator,Early Day,Sepfirsthalf,Maintain ~Locality Pay~
Alicia Taylor,Compensation Administrator,Nightfall,Sepsecondhalf,Manage Period Activity Pay Assignments
Alicia Taylor,Compensation Administrator,Afternoon,Mayfirsthalf,One-Time Payment History
Alicia Taylor,Compensation Administrator,Afternoon,Maysecondhalf,In Progress Compensation Changes
Alicia Taylor,Compensation Administrator,Morning,Mayfirsthalf,View Total Rewards
Alicia Taylor,Compensation Administrator,Early Day,Janfirsthalf,Request One-Time Payment
Alicia Taylor,Compensation Administrator,Afternoon,Octfirsthalf,Assign Future Payment Plans
Alicia Taylor,Compensation Administrator,Nightfall,Febsecondhalf,Request Compensation Change
Alicia Taylor,Compensation Administrator,Early Day,Janfirsthalf,In Progress Compensation Changes
Alicia Taylor,Compensation Administrator,Early Day,Jansecondhalf,Edit Compensation Package
Alicia Taylor,Compensation Administrator,Morning,Novfirsthalf,Maintain Compensation Steps
Alicia Taylor,Compensation Administrator,Afternoon,Janfirsthalf,One-Time Payment History
Alicia Taylor,Compensation Administrator,Early Day,Marsecondhalf,Edit Compensation Package
Alicia Taylor,Compensation Administrator,Afternoon,Aprfirsthalf,One-Time Payment History
Alicia Taylor,Compensation Administrator,Early Day,Jansecondhalf,Maintain Compensation Steps
Alicia Taylor,Compensation Administrator,Nightfall,Augfirsthalf,One-Time Payment History
Alicia Taylor,Compensation Administrator,Morning,Aprfirsthalf,Compensation Plan Assignment Audit
Alicia Taylor,Compensation Administrator,Early Day,Octsecondhalf,Request Compensation Change
Alicia Taylor,Compensation Administrator,Afternoon,Julsecondhalf,View Total Rewards
Alicia Taylor,Compensation Administrator,Early Day,Novfirsthalf,Maintain Compensation Steps
Alicia Taylor,Compensation Administrator,Early Day,Novsecondhalf,Assign Future Payment Plans
Alicia Taylor,Compensation Administrator,Early Day,Junfirsthalf,In Progress Compensation Changes
Alicia Taylor,Compensation Administrator,Afternoon,Maysecondhalf,View Total Rewards
Alicia Taylor,Compensation Administrator,Nightfall,Julfirsthalf,One-Time Payment History
Alicia Taylor,Compensation Administrator,Afternoon,Mayfirsthalf,View Total Rewards
Alicia Taylor,Compensation Administrator,Morning,Mayfirsthalf,Request Compensation Change
Alicia Taylor,Compensation Administrator,Early Day,Julfirsthalf,Request One-Time Payment
Alicia Taylor,Compensation Administrator,Afternoon,Junsecondhalf,Edit Compensation Package
Alicia Taylor,Compensation Administrator,Morning,Sepfirsthalf,Edit Compensation Package
Alicia Taylor,Compensation Administrator,Afternoon,Augfirsthalf,Maintain ~Locality Pay~
Alicia Taylor,Compensation Administrator,Morning,Maysecondhalf,Manage Period Activity Pay Assignments
Alicia Taylor,Compensation Administrator,Early Day,Decfirsthalf,Assign Future Payment Plans
Alicia Taylor,Compensation Administrator,Nightfall,Decsecondhalf,One-Time Payment History
Alicia Taylor,Compensation Administrator,Nightfall,Janfirsthalf,One-Time Payment History
Alicia Taylor,Compensation Administrator,Morning,Decsecondhalf,Compensation Plan Assignment Audit
Alicia Taylor,Compensation Administrator,Morning,Aprsecondhalf,Edit Compensation Package
Alicia Taylor,Compensation Administrator,Morning,Maysecondhalf,Request One-Time Payment
Alicia Taylor,Compensation Administrator,Afternoon,Janfirsthalf,Request Compensation Change
Alicia Taylor,Compensation Administrator,Nightfall,Marsecondhalf,View Total Rewards
Alicia Taylor,Compensation Administrator,Afternoon,Julsecondhalf,Compensation Plan Assignment Audit
Alicia Taylor,Compensation Administrator,Morning,Julsecondhalf,Edit Compensation Package
Alicia Taylor,Compensation Administrator,Early Day,Julsecondhalf,In Progress Compensation Changes
Alicia Taylor,Compensation Administrator,Early Day,Sepfirsthalf,Manage Period Activity Pay Assignments
Alicia Taylor,Compensation Administrator,Afternoon,Decfirsthalf,Maintain ~Locality Pay~
Alicia Taylor,Compensation Administrator,Afternoon,Augfirsthalf,Request One-Time Payment
Alicia Taylor,Compensation Administrator,Afternoon,Decfirsthalf,Assign Future Payment Plans
Alicia Taylor,Compensation Administrator,Early Day,Julfirsthalf,Maintain Compensation Steps
Alicia Taylor,Compensation Administrator,Afternoon,Julsecondhalf,View Total Rewards
Alicia Taylor,Compensation Administrator,Early Day,Augfirsthalf,Maintain Compensation Steps
Alicia Taylor,Compensation Administrator,Morning,Sepsecondhalf,Compensation Plan Assignment Audit
Alicia Taylor,Compensation Administrator,Nightfall,Sepfirsthalf,Request One-Time Payment
Alicia Taylor,Compensation Administrator,Morning,Augsecondhalf,Compensation Plan Assignment Audit
Alicia Taylor,Compensation Administrator,Morning,Decfirsthalf,Request Compensation Change
Alicia Taylor,Compensation Administrator,Afternoon,Augsecondhalf,Request Compensation Change
Alicia Taylor,Compensation Administrator,Afternoon,Febfirsthalf,Assign Future Payment Plans
Alicia Taylor,Compensation Administrator,Nightfall,Sepsecondhalf,Compensation Plan Assignment Audit
Alicia Taylor,Compensation Administrator,Nightfall,Octsecondhalf,Maintain Compensation Steps
Alicia Taylor,Compensation Administrator,Morning,Jansecondhalf,One-Time Payment History
Alicia Taylor,Compensation Administrator,Nightfall,Novfirsthalf,Maintain Compensation Steps
Alicia Taylor,Compensation Administrator,Early Day,Junsecondhalf,Maintain Compensation Steps
Alicia Taylor,Compensation Administrator,Afternoon,Novsecondhalf,Request Compensation Change
Alicia Taylor,Compensation Administrator,Afternoon,Maysecondhalf,In Progress Compensation Changes
Alicia Taylor,Compensation Administrator,Nightfall,Decfirsthalf,Edit Compensation Package
Alicia Taylor,Compensation Administrator,Nightfall,Maysecondhalf,Manage Period Activity Pay Assignments
Alicia Taylor,Compensation Administrator,Nightfall,Aprfirsthalf,In Progress Compensation Changes
Alicia Taylor,Compensation Administrator,Morning,Mayfirsthalf,One-Time Payment History
Alicia Taylor,Compensation Administrator,Early Day,Junsecondhalf,View Total Rewards
Alicia Taylor,Compensation Administrator,Nightfall,Marfirsthalf,One-Time Payment History
Alicia Taylor,Compensation Administrator,Morning,Sepfirsthalf,One-Time Payment History
Alicia Taylor,Compensation Administrator,Early Day,Octsecondhalf,One-Time Payment History
Alicia Taylor,Compensation Administrator,Morning,Jansecondhalf,Edit Compensation Package
Alicia Taylor,Compensation Administrator,Early Day,Sepfirsthalf,Maintain Compensation Steps
Alicia Taylor,Compensation Administrator,Early Day,Febsecondhalf,One-Time Payment History
Alicia Taylor,Compensation Administrator,Early Day,Junsecondhalf,View Total Rewards
Alicia Taylor,Compensation Administrator,Afternoon,Junsecondhalf,Edit Compensation Package
Alicia Taylor,Compensation Administrator,Nightfall,Octsecondhalf,One-Time Payment History
Alicia Taylor,Compensation Administrator,Nightfall,Janfirsthalf,Maintain ~Locality Pay~
Alicia Taylor,Compensation Administrator,Early Day,Decfirsthalf,In Progress Compensation Changes
Alicia Taylor,Compensation Administrator,Early Day,Decfirsthalf,One-Time Payment History
Alicia Taylor,Compensation Administrator,Early Day,Sepfirsthalf,Maintain Compensation Steps
Alicia Taylor,Compensation Administrator,Nightfall,Julsecondhalf,One-Time Payment History
Alicia Taylor,Compensation Administrator,Afternoon,Aprfirsthalf,Maintain Compensation Steps
Alicia Taylor,Compensation Administrator,Nightfall,Octsecondhalf,Request Compensation Change
Alicia Taylor,Compensation Administrator,Afternoon,Augfirsthalf,Request Compensation Change
Alicia Taylor,Compensation Administrator,Morning,Julfirsthalf,Request One-Time Payment
Alicia Taylor,Compensation Administrator,Morning,Aprfirsthalf,Manage Period Activity Pay Assignments
Alicia Taylor,Compensation Administrator,Nightfall,Febsecondhalf,Manage Period Activity Pay Assignments
Alicia Taylor,Compensation Administrator,Morning,Augfirsthalf,In Progress Compensation Changes
Alicia Taylor,Compensation Administrator,Early Day,Augsecondhalf,Assign Future Payment Plans
Alicia Taylor,Compensation Administrator,Afternoon,Marsecondhalf,One-Time Payment History
Alicia Taylor,Compensation Administrator,Nightfall,Octfirsthalf,Request Compensation Change
Alicia Taylor,Compensation Administrator,Morning,Junfirsthalf,Request One-Time Payment
Alicia Taylor,Compensation Administrator,Afternoon,Octsecondhalf,One-Time Payment History
Alicia Taylor,Compensation Administrator,Early Day,Marsecondhalf,Maintain ~Locality Pay~
Alicia Taylor,Compensation Administrator,Early Day,Febsecondhalf,One-Time Payment History
Alicia Taylor,Compensation Administrator,Morning,Julsecondhalf,Maintain ~Locality Pay~
Alicia Taylor,Compensation Administrator,Nightfall,Maysecondhalf,View Total Rewards
Alicia Taylor,Compensation Administrator,Afternoon,Junsecondhalf,Maintain ~Locality Pay~
John Doe,Payroll Administrator,Afternoon,Junfirsthalf,My Payslips
John Doe,Payroll Administrator,Afternoon,Augsecondhalf,Payroll Run Pay Calculation
John Doe,Payroll Administrator,Early Day,Marsecondhalf,Payroll Run Pay Calculation
John Doe,Payroll Administrator,Early Day,Mayfirsthalf,Run Pay Complete
John Doe,Payroll Administrator,Afternoon,Febfirsthalf,Payroll Run Pay Calculation
John Doe,Payroll Administrator,Early Day,Augfirsthalf,Payroll Run Pay Calculation
John Doe,Payroll Administrator,Afternoon,Novfirsthalf,Run Retro Pay Calculation
John Doe,Payroll Administrator,Morning,Augfirsthalf,Run Retro Pay Calculation
John Doe,Payroll Administrator,Nightfall,Junsecondhalf,Payroll register
John Doe,Payroll Administrator,Morning,Novfirsthalf,Run Retro Pay Complete
John Doe,Payroll Administrator,Nightfall,Mayfirsthalf,Benefit Elections
John Doe,Payroll Administrator,Early Day,Augfirsthalf,Run Retro Pay Complete
John Doe,Payroll Administrator,Early Day,Febfirsthalf,Create One-Time Payment Plan
John Doe,Payroll Administrator,Nightfall,Octsecondhalf,Run Pay Complete
John Doe,Payroll Administrator,Morning,Decsecondhalf,Run Retro Pay Calculation
John Doe,Payroll Administrator,Morning,Febsecondhalf,Payroll register
John Doe,Payroll Administrator,Nightfall,Sepfirsthalf,Run Pay Complete
John Doe,Payroll Administrator,Morning,Janfirsthalf,Run Pay Complete
John Doe,Payroll Administrator,Morning,Augfirsthalf,My Payslips
John Doe,Payroll Administrator,Afternoon,Sepfirsthalf,Generate pay slip
John Doe,Payroll Administrator,Morning,Novsecondhalf,Create One-Time Payment Plan
John Doe,Payroll Administrator,Afternoon,Febfirsthalf,My Payslips
John Doe,Payroll Administrator,Early Day,Marsecondhalf,Run Retro Pay Calculation
John Doe,Payroll Administrator,Nightfall,Decfirsthalf,Create W-secondhalf Data
John Doe,Payroll Administrator,Morning,Aprsecondhalf,Run Pay Complete
John Doe,Payroll Administrator,Morning,Novsecondhalf,Run Pay Complete
John Doe,Payroll Administrator,Early Day,Mayfirsthalf,Run Retro Pay Calculation
John Doe,Payroll Administrator,Afternoon,Augsecondhalf,Payroll Run Pay Calculation
John Doe,Payroll Administrator,Afternoon,Junsecondhalf,Generate pay slip
John Doe,Payroll Administrator,Morning,Octfirsthalf,My Payslips
John Doe,Payroll Administrator,Afternoon,Marfirsthalf,Create W-secondhalf Data
John Doe,Payroll Administrator,Afternoon,Novfirsthalf,Create One-Time Payment Plan
John Doe,Payroll Administrator,Nightfall,Octfirsthalf,Create One-Time Payment Plan
John Doe,Payroll Administrator,Morning,Febsecondhalf,Run Pay Complete
John Doe,Payroll Administrator,Morning,Octfirsthalf,Run Pay Complete
John Doe,Payroll Administrator,Morning,Sepfirsthalf,Run Pay Complete
John Doe,Payroll Administrator,Afternoon,Sepsecondhalf,Run Retro Pay Calculation
John Doe,Payroll Administrator,Nightfall,Julsecondhalf,Run Retro Pay Complete
John Doe,Payroll Administrator,Nightfall,Decfirsthalf,My Payslips
John Doe,Payroll Administrator,Morning,Julfirsthalf,W-secondhalf Preview
John Doe,Payroll Administrator,Nightfall,Sepsecondhalf,Generate pay slip
John Doe,Payroll Administrator,Afternoon,Decsecondhalf,Generate pay slip
John Doe,Payroll Administrator,Nightfall,Decfirsthalf,My Payslips
John Doe,Payroll Administrator,Afternoon,Junsecondhalf,Run Pay Complete
John Doe,Payroll Administrator,Morning,Jansecondhalf,Run Retro Pay Complete
John Doe,Payroll Administrator,Morning,Aprfirsthalf,My Payslips
John Doe,Payroll Administrator,Nightfall,Junfirsthalf,Create One-Time Payment Plan
John Doe,Payroll Administrator,Early Day,Decsecondhalf,Run Pay Complete
John Doe,Payroll Administrator,Morning,Novfirsthalf,Payroll Run Pay Calculation
John Doe,Payroll Administrator,Early Day,Maysecondhalf,Generate pay slip
John Doe,Payroll Administrator,Early Day,Decsecondhalf,Run Pay Complete
John Doe,Payroll Administrator,Early Day,Febfirsthalf,Run Retro Pay Complete
John Doe,Payroll Administrator,Afternoon,Aprsecondhalf,Payroll Run Pay Calculation
John Doe,Payroll Administrator,Afternoon,Augsecondhalf,Run Retro Pay Calculation
John Doe,Payroll Administrator,Nightfall,Sepsecondhalf,Run Retro Pay Calculation
John Doe,Payroll Administrator,Morning,Marfirsthalf,Run Retro Pay Complete
John Doe,Payroll Administrator,Nightfall,Janfirsthalf,Run Retro Pay Calculation
John Doe,Payroll Administrator,Morning,Augfirsthalf,Run Retro Pay Complete
John Doe,Payroll Administrator,Afternoon,Sepsecondhalf,Run Retro Pay Calculation
John Doe,Payroll Administrator,Afternoon,Junsecondhalf,Create One-Time Payment Plan
John Doe,Payroll Administrator,Nightfall,Decfirsthalf,Run Retro Pay Complete
John Doe,Payroll Administrator,Early Day,Aprsecondhalf,Run Retro Pay Complete
John Doe,Payroll Administrator,Morning,Febsecondhalf,Run Pay Complete
John Doe,Payroll Administrator,Afternoon,Novfirsthalf,Payroll Run Pay Calculation
John Doe,Payroll Administrator,Nightfall,Julsecondhalf,Payroll Run Pay Calculation
John Doe,Payroll Administrator,Morning,Novfirsthalf,Run Retro Pay Calculation
John Doe,Payroll Administrator,Nightfall,Augsecondhalf,Run Pay Complete
John Doe,Payroll Administrator,Morning,Decfirsthalf,Run Retro Pay Calculation
John Doe,Payroll Administrator,Afternoon,Janfirsthalf,Run Retro Pay Calculation
John Doe,Payroll Administrator,Morning,Jansecondhalf,Run Retro Pay Calculation
John Doe,Payroll Administrator,Morning,Febfirsthalf,Run Retro Pay Complete
John Doe,Payroll Administrator,Morning,Sepfirsthalf,Run Retro Pay Calculation
John Doe,Payroll Administrator,Afternoon,Aprfirsthalf,Create One-Time Payment Plan
John Doe,Payroll Administrator,Morning,Novfirsthalf,My Payslips
John Doe,Payroll Administrator,Early Day,Mayfirsthalf,Run Retro Pay Calculation
John Doe,Payroll Administrator,Early Day,Decsecondhalf,Run Pay Complete
John Doe,Payroll Administrator,Nightfall,Febsecondhalf,Create One-Time Payment Plan
John Doe,Payroll Administrator,Morning,Mayfirsthalf,Run Retro Pay Complete
John Doe,Payroll Administrator,Afternoon,Febsecondhalf,Payroll Run Pay Calculation
John Doe,Payroll Administrator,Early Day,Marfirsthalf,Run Retro Pay Calculation
John Doe,Payroll Administrator,Morning,Octsecondhalf,Run Pay Complete
John Doe,Payroll Administrator,Afternoon,Mayfirsthalf,Run Pay Complete
John Doe,Payroll Administrator,Afternoon,Sepsecondhalf,Run Retro Pay Complete
John Doe,Payroll Administrator,Afternoon,Sepfirsthalf,Payroll Run Pay Calculation
John Doe,Payroll Administrator,Afternoon,Mayfirsthalf,Run Retro Pay Complete
John Doe,Payroll Administrator,Nightfall,Novsecondhalf,Payroll Run Pay Calculation
John Doe,Payroll Administrator,Morning,Julsecondhalf,Run Retro Pay Complete
John Doe,Payroll Administrator,Nightfall,Junfirsthalf,Run Retro Pay Calculation
John Doe,Payroll Administrator,Nightfall,Junfirsthalf,Create One-Time Payment Plan
John Doe,Payroll Administrator,Afternoon,Junsecondhalf,Create One-Time Payment Plan
John Doe,Payroll Administrator,Afternoon,Janfirsthalf,My Payslips
John Doe,Payroll Administrator,Early Day,Junsecondhalf,Payroll Run Pay Calculation
John Doe,Payroll Administrator,Nightfall,Junfirsthalf,Run Pay Complete
John Doe,Payroll Administrator,Early Day,Jansecondhalf,Run Retro Pay Complete
John Doe,Payroll Administrator,Early Day,Aprfirsthalf,Run Retro Pay Complete
John Doe,Payroll Administrator,Afternoon,Augsecondhalf,Create One-Time Payment Plan
John Doe,Payroll Administrator,Early Day,Decsecondhalf,Run Pay Complete
John Doe,Payroll Administrator,Afternoon,Janfirsthalf,Run Retro Pay Calculation
John Doe,Payroll Administrator,Early Day,Junsecondhalf,My Payslips
John Doe,Payroll Administrator,Nightfall,Sepsecondhalf,Run Retro Pay Calculation
John Doe,Payroll Administrator,Afternoon,Sepsecondhalf,Run Retro Pay Complete
John Doe,Payroll Administrator,Nightfall,Julfirsthalf,Generate pay slip
John Doe,Payroll Administrator,Nightfall,Novsecondhalf,Payroll Run Pay Calculation
John Doe,Payroll Administrator,Early Day,Octfirsthalf,Create One-Time Payment Plan
John Doe,Payroll Administrator,Afternoon,Novsecondhalf,Run Pay Complete
John Doe,Payroll Administrator,Morning,Sepfirsthalf,Run Retro Pay Calculation
John Doe,Payroll Administrator,Early Day,Mayfirsthalf,Run Retro Pay Complete
John Doe,Payroll Administrator,Afternoon,Novfirsthalf,Run Retro Pay Calculation
John Doe,Payroll Administrator,Morning,Marfirsthalf,Run Retro Pay Complete
John Doe,Payroll Administrator,Morning,Jansecondhalf,Payroll register
John Doe,Payroll Administrator,Morning,Jansecondhalf,Create One-Time Payment Plan
John Doe,Payroll Administrator,Early Day,Janfirsthalf,Create One-Time Payment Plan
John Doe,Payroll Administrator,Morning,Marfirsthalf,Run Retro Pay Calculation
John Doe,Payroll Administrator,Early Day,Febfirsthalf,Payroll register
John Doe,Payroll Administrator,Nightfall,Julsecondhalf,Run Retro Pay Complete
John Doe,Payroll Administrator,Early Day,Marsecondhalf,Payroll Run Pay Calculation
John Doe,Payroll Administrator,Nightfall,Aprsecondhalf,Run Retro Pay Calculation
John Doe,Payroll Administrator,Afternoon,Marsecondhalf,Run Retro Pay Calculation
John Doe,Payroll Administrator,Nightfall,Febfirsthalf,Create One-Time Payment Plan
John Doe,Payroll Administrator,Afternoon,Junsecondhalf,Run Retro Pay Complete
John Doe,Payroll Administrator,Morning,Mayfirsthalf,Run Retro Pay Complete
John Doe,Payroll Administrator,Morning,Decfirsthalf,Generate pay slip
John Doe,Payroll Administrator,Nightfall,Marsecondhalf,Run Pay Complete
John Doe,Payroll Administrator,Afternoon,Febfirsthalf,My Payslips
John Doe,Payroll Administrator,Early Day,Novfirsthalf,Benefit Elections
John Doe,Payroll Administrator,Nightfall,Decfirsthalf,Create W-secondhalf Data
John Doe,Payroll Administrator,Nightfall,Febsecondhalf,Payroll Run Pay Calculation
John Doe,Payroll Administrator,Afternoon,Mayfirsthalf,Run Retro Pay Complete
John Doe,Payroll Administrator,Nightfall,Sepsecondhalf,Generate pay slip
John Doe,Payroll Administrator,Nightfall,Aprsecondhalf,Create One-Time Payment Plan
John Doe,Payroll Administrator,Afternoon,Augsecondhalf,Create One-Time Payment Plan
John Doe,Payroll Administrator,Morning,Jansecondhalf,Generate pay slip
John Doe,Payroll Administrator,Afternoon,Octfirsthalf,My Payslips
John Doe,Payroll Administrator,Afternoon,Jansecondhalf,Create One-Time Payment Plan
John Doe,Payroll Administrator,Afternoon,Aprsecondhalf,Payroll Run Pay Calculation
John Doe,Payroll Administrator,Morning,Aprfirsthalf,Benefit Elections
John Doe,Payroll Administrator,Afternoon,Augsecondhalf,Run Retro Pay Complete
John Doe,Payroll Administrator,Nightfall,Sepfirsthalf,Create One-Time Payment Plan
John Doe,Payroll Administrator,Afternoon,Aprfirsthalf,Create One-Time Payment Plan
John Doe,Payroll Administrator,Early Day,Decsecondhalf,Run Pay Complete
John Doe,Payroll Administrator,Afternoon,Novsecondhalf,Run Retro Pay Calculation
John Doe,Payroll Administrator,Afternoon,Febfirsthalf,Run Retro Pay Calculation
John Doe,Payroll Administrator,Morning,Sepfirsthalf,Run Retro Pay Calculation
John Doe,Payroll Administrator,Morning,Mayfirsthalf,Run Retro Pay Complete
John Doe,Payroll Administrator,Early Day,Sepfirsthalf,Run Retro Pay Calculation
John Doe,Payroll Administrator,Nightfall,Jansecondhalf,Run Pay Complete
John Doe,Payroll Administrator,Early Day,Octfirsthalf,Run Retro Pay Calculation
John Doe,Payroll Administrator,Morning,Novsecondhalf,Run Pay Complete
John Doe,Payroll Administrator,Morning,Julfirsthalf,Run Retro Pay Complete
John Doe,Payroll Administrator,Nightfall,Decfirsthalf,Run Pay Complete
John Doe,Payroll Administrator,Early Day,Junsecondhalf,My Payslips
John Doe,Payroll Administrator,Early Day,Mayfirsthalf,Generate pay slip
John Doe,Payroll Administrator,Afternoon,Novfirsthalf,Create One-Time Payment Plan
John Doe,Payroll Administrator,Early Day,Julfirsthalf,Generate pay slip
John Doe,Payroll Administrator,Afternoon,Aprsecondhalf,Generate pay slip
John Doe,Payroll Administrator,Nightfall,Maysecondhalf,Generate pay slip
John Doe,Payroll Administrator,Afternoon,Augsecondhalf,Payroll register
John Doe,Payroll Administrator,Afternoon,Julsecondhalf,Create One-Time Payment Plan
John Doe,Payroll Administrator,Morning,Novfirsthalf,Create One-Time Payment Plan
John Doe,Payroll Administrator,Afternoon,Junsecondhalf,Run Pay Complete
John Doe,Payroll Administrator,Early Day,Mayfirsthalf,Run Retro Pay Calculation
John Doe,Payroll Administrator,Early Day,Marfirsthalf,Run Retro Pay Calculation
John Doe,Payroll Administrator,Early Day,Novfirsthalf,Benefit Elections
John Doe,Payroll Administrator,Early Day,Marfirsthalf,Create One-Time Payment Plan
John Doe,Payroll Administrator,Afternoon,Junsecondhalf,Run Pay Complete
John Doe,Payroll Administrator,Afternoon,Jansecondhalf,Payroll Run Pay Calculation
John Doe,Payroll Administrator,Morning,Junsecondhalf,Run Retro Pay Complete
John Doe,Payroll Administrator,Afternoon,Mayfirsthalf,Run Pay Complete
John Doe,Payroll Administrator,Nightfall,Aprsecondhalf,Payroll register
John Doe,Payroll Administrator,Early Day,Octfirsthalf,Run Retro Pay Calculation
John Doe,Payroll Administrator,Nightfall,Marfirsthalf,Create One-Time Payment Plan
John Doe,Payroll Administrator,Morning,Jansecondhalf,Run Pay Complete
John Doe,Payroll Administrator,Early Day,Octfirsthalf,Run Retro Pay Complete
John Doe,Payroll Administrator,Afternoon,Aprsecondhalf,Payroll Run Pay Calculation
John Doe,Payroll Administrator,Nightfall,Febfirsthalf,Payroll Run Pay Calculation
John Doe,Payroll Administrator,Morning,Decfirsthalf,Create One-Time Payment Plan
John Doe,Payroll Administrator,Early Day,Sepfirsthalf,Run Retro Pay Complete
John Doe,Payroll Administrator,Nightfall,Augsecondhalf,Run Pay Complete
John Doe,Payroll Administrator,Nightfall,Janfirsthalf,Create One-Time Payment Plan
John Doe,Payroll Administrator,Early Day,Augfirsthalf,Payroll register
John Doe,Payroll Administrator,Afternoon,Octfirsthalf,My Payslips
John Doe,Payroll Administrator,Early Day,Mayfirsthalf,Run Pay Complete
John Doe,Payroll Administrator,Morning,Junsecondhalf,My Payslips
John Doe,Payroll Administrator,Early Day,Sepfirsthalf,Run Retro Pay Complete
John Doe,Payroll Administrator,Nightfall,Mayfirsthalf,Benefit Elections
John Doe,Payroll Administrator,Morning,Mayfirsthalf,Run Retro Pay Calculation
John Doe,Payroll Administrator,Nightfall,Aprfirsthalf,Run Retro Pay Complete
John Doe,Payroll Administrator,Afternoon,Decsecondhalf,Payroll Run Pay Calculation
John Doe,Payroll Administrator,Early Day,Novfirsthalf,Run Retro Pay Calculation
John Doe,Payroll Administrator,Morning,Junsecondhalf,My Payslips
John Doe,Payroll Administrator,Early Day,Jansecondhalf,Create One-Time Payment Plan
John Doe,Payroll Administrator,Early Day,Julsecondhalf,Create One-Time Payment Plan
John Doe,Payroll Administrator,Afternoon,Febfirsthalf,Run Retro Pay Calculation
John Doe,Payroll Administrator,Morning,Octfirsthalf,Run Retro Pay Complete
John Doe,Payroll Administrator,Early Day,Augfirsthalf,Payroll Run Pay Calculation
John Doe,Payroll Administrator,Morning,Febsecondhalf,Payroll register
John Doe,Payroll Administrator,Morning,Augfirsthalf,Run Retro Pay Complete
John Doe,Payroll Administrator,Morning,Aprsecondhalf,Payroll Run Pay Calculation
John Doe,Payroll Administrator,Nightfall,Novsecondhalf,Payroll Run Pay Calculation
John Doe,Payroll Administrator,Nightfall,Junfirsthalf,Create One-Time Payment Plan
John Doe,Payroll Administrator,Nightfall,Sepsecondhalf,Payroll Run Pay Calculation
John Doe,Payroll Administrator,Morning,Octfirsthalf,My Payslips
John Doe,Payroll Administrator,Nightfall,Junfirsthalf,Run Retro Pay Calculation
John Doe,Payroll Administrator,Early Day,Aprsecondhalf,Create One-Time Payment Plan
John Doe,Payroll Administrator,Nightfall,Febsecondhalf,Generate pay slip
John Doe,Payroll Administrator,Morning,Augfirsthalf,Benefit Elections
John Doe,Payroll Administrator,Early Day,Jansecondhalf,Run Pay Complete
John Doe,Payroll Administrator,Nightfall,Junfirsthalf,Run Retro Pay Calculation
John Doe,Payroll Administrator,Morning,Julsecondhalf,Create One-Time Payment Plan
John Doe,Payroll Administrator,Early Day,Decsecondhalf,W-secondhalf Preview
John Doe,Payroll Administrator,Afternoon,Sepfirsthalf,Payroll Run Pay Calculation
John Doe,Payroll Administrator,Afternoon,Marsecondhalf,Create One-Time Payment Plan
John Doe,Payroll Administrator,Nightfall,Decfirsthalf,Run Retro Pay Complete
John Doe,Payroll Administrator,Morning,Julfirsthalf,Run Retro Pay Complete
John Doe,Payroll Administrator,Early Day,Mayfirsthalf,Run Retro Pay Calculation
John Doe,Payroll Administrator,Nightfall,Janfirsthalf,Create One-Time Payment Plan
John Doe,Payroll Administrator,Afternoon,Sepfirsthalf,Create W-secondhalf Data
John Doe,Payroll Administrator,Morning,Janfirsthalf,Run Retro Pay Calculation
John Doe,Payroll Administrator,Early Day,Decsecondhalf,Generate pay slip
John Doe,Payroll Administrator,Morning,Aprfirsthalf,My Payslips
John Doe,Payroll Administrator,Nightfall,Jansecondhalf,Payroll Run Pay Calculation
John Doe,Payroll Administrator,Morning,Jansecondhalf,Run Pay Complete
John Doe,Payroll Administrator,Nightfall,Maysecondhalf,Payroll Run Pay Calculation
John Doe,Payroll Administrator,Early Day,Febfirsthalf,Run Pay Complete
John Doe,Payroll Administrator,Early Day,Julsecondhalf,Payroll Run Pay Calculation
John Doe,Payroll Administrator,Early Day,Sepfirsthalf,Run Retro Pay Complete
John Doe,Payroll Administrator,Nightfall,Julsecondhalf,Payroll register
John Doe,Payroll Administrator,Afternoon,Sepfirsthalf,Benefit Elections
John Doe,Payroll Administrator,Afternoon,Janfirsthalf,Run Retro Pay Calculation
John Doe,Payroll Administrator,Morning,Junsecondhalf,Run Pay Complete
John Doe,Payroll Administrator,Early Day,Octfirsthalf,Run Retro Pay Complete
John Doe,Payroll Administrator,Early Day,Novfirsthalf,Create One-Time Payment Plan
John Doe,Payroll Administrator,Nightfall,Julsecondhalf,Payroll register
John Doe,Payroll Administrator,Nightfall,Sepfirsthalf,Run Retro Pay Calculation
John Doe,Payroll Administrator,Afternoon,Marsecondhalf,Payroll Run Pay Calculation
John Doe,Payroll Administrator,Nightfall,Octsecondhalf,Create One-Time Payment Plan
John Doe,Payroll Administrator,Morning,Decfirsthalf,Run Retro Pay Calculation
John Doe,Payroll Administrator,Afternoon,Julsecondhalf,Generate pay slip
John Doe,Payroll Administrator,Early Day,Marfirsthalf,My Payslips
John Doe,Payroll Administrator,Nightfall,Marsecondhalf,Generate pay slip
John Doe,Payroll Administrator,Nightfall,Julfirsthalf,Generate pay slip
John Doe,Payroll Administrator,Early Day,Augfirsthalf,Payroll register
John Doe,Payroll Administrator,Afternoon,Sepfirsthalf,Run Retro Pay Calculation
John Doe,Payroll Administrator,Afternoon,Decsecondhalf,Generate pay slip
John Doe,Payroll Administrator,Morning,Octfirsthalf,Run Retro Pay Complete
John Doe,Payroll Administrator,Nightfall,Junfirsthalf,Run Pay Complete
John Doe,Payroll Administrator,Nightfall,Febfirsthalf,Create One-Time Payment Plan
John Doe,Payroll Administrator,Nightfall,Janfirsthalf,Run Retro Pay Calculation
John Doe,Payroll Administrator,Morning,Aprfirsthalf,Benefit Elections
John Doe,Payroll Administrator,Nightfall,Novfirsthalf,Generate pay slip
John Doe,Payroll Administrator,Afternoon,Decsecondhalf,Run Retro Pay Calculation
John Doe,Payroll Administrator,Afternoon,Febfirsthalf,Run Retro Pay Calculation
John Doe,Payroll Administrator,Early Day,Marsecondhalf,Run Retro Pay Calculation
John Doe,Payroll Administrator,Nightfall,Octfirsthalf,Create One-Time Payment Plan
John Doe,Payroll Administrator,Afternoon,Marsecondhalf,Create One-Time Payment Plan
John Doe,Payroll Administrator,Afternoon,Augsecondhalf,Generate pay slip
John Doe,Payroll Administrator,Morning,Julsecondhalf,Create One-Time Payment Plan
John Doe,Payroll Administrator,Nightfall,Aprsecondhalf,Create One-Time Payment Plan
John Doe,Payroll Administrator,Early Day,Maysecondhalf,Create One-Time Payment Plan
John Doe,Payroll Administrator,Nightfall,Aprsecondhalf,Create One-Time Payment Plan
John Doe,Payroll Administrator,Afternoon,Sepfirsthalf,Create W-secondhalf Data
John Doe,Payroll Administrator,Afternoon,Octsecondhalf,Generate pay slip
John Doe,Payroll Administrator,Morning,Marfirsthalf,Run Retro Pay Complete
John Doe,Payroll Administrator,Afternoon,Jansecondhalf,Create One-Time Payment Plan
John Doe,Payroll Administrator,Early Day,Junsecondhalf,Generate pay slip
John Doe,Payroll Administrator,Morning,Junsecondhalf,Run Pay Complete
John Doe,Payroll Administrator,Early Day,Febfirsthalf,Payroll register
John Doe,Payroll Administrator,Early Day,Marfirsthalf,Create One-Time Payment Plan
John Doe,Payroll Administrator,Morning,Mayfirsthalf,Run Retro Pay Calculation
John Doe,Payroll Administrator,Afternoon,Decsecondhalf,Payroll Run Pay Calculation
John Doe,Payroll Administrator,Early Day,Febfirsthalf,Run Pay Complete
John Doe,Payroll Administrator,Early Day,Junsecondhalf,Payroll Run Pay Calculation
John Doe,Payroll Administrator,Morning,Junsecondhalf,Run Pay Complete
John Doe,Payroll Administrator,Nightfall,Marsecondhalf,Run Pay Complete
John Doe,Payroll Administrator,Afternoon,Octsecondhalf,Generate pay slip
John Doe,Payroll Administrator,Nightfall,Sepsecondhalf,Run Retro Pay Complete
John Doe,Payroll Administrator,Afternoon,Octsecondhalf,Payroll Run Pay Calculation
John Doe,Payroll Administrator,Early Day,Sepfirsthalf,Run Retro Pay Complete
John Doe,Payroll Administrator,Morning,Jansecondhalf,Create One-Time Payment Plan
John Doe,Payroll Administrator,Afternoon,Febfirsthalf,Run Retro Pay Calculation
John Doe,Payroll Administrator,Afternoon,Mayfirsthalf,Run Retro Pay Calculation
John Doe,Payroll Administrator,Afternoon,Novsecondhalf,Run Retro Pay Calculation
John Doe,Payroll Administrator,Afternoon,Augsecondhalf,Payroll register
John Doe,Payroll Administrator,Nightfall,Jansecondhalf,Generate pay slip
John Doe,Payroll Administrator,Early Day,Augfirsthalf,Run Retro Pay Complete
John Doe,Payroll Administrator,Nightfall,Marfirsthalf,Run Retro Pay Calculation
John Doe,Payroll Administrator,Early Day,Junsecondhalf,My Payslips
John Doe,Payroll Administrator,Morning,Augfirsthalf,My Payslips
John Doe,Payroll Administrator,Afternoon,Novsecondhalf,Run Pay Complete
John Doe,Payroll Administrator,Afternoon,Decsecondhalf,Create One-Time Payment Plan
John Doe,Payroll Administrator,Nightfall,Aprfirsthalf,Run Pay Complete
John Doe,Payroll Administrator,Afternoon,Jansecondhalf,Create One-Time Payment Plan
John Doe,Payroll Administrator,Early Day,Decsecondhalf,W-secondhalf Preview
John Doe,Payroll Administrator,Early Day,Janfirsthalf,Run Retro Pay Complete
John Doe,Payroll Administrator,Nightfall,Jansecondhalf,Run Pay Complete
John Doe,Payroll Administrator,Early Day,Julsecondhalf,Run Retro Pay Calculation
John Doe,Payroll Administrator,Afternoon,Junsecondhalf,Create One-Time Payment Plan
John Doe,Payroll Administrator,Early Day,Aprsecondhalf,Generate pay slip
John Doe,Payroll Administrator,Morning,Augfirsthalf,Run Retro Pay Calculation
John Doe,Payroll Administrator,Morning,Aprsecondhalf,Payroll Run Pay Calculation
John Doe,Payroll Administrator,Afternoon,Novfirsthalf,Run Retro Pay Complete
John Doe,Payroll Administrator,Nightfall,Maysecondhalf,My Payslips
John Doe,Payroll Administrator,Early Day,Junsecondhalf,Payroll Run Pay Calculation
John Doe,Payroll Administrator,Early Day,Marsecondhalf,Payroll Run Pay Calculation
John Doe,Payroll Administrator,Afternoon,Marsecondhalf,Run Retro Pay Complete
John Doe,Payroll Administrator,Nightfall,Jansecondhalf,My Payslips
John Doe,Payroll Administrator,Early Day,Marsecondhalf,Run Retro Pay Calculation
John Doe,Payroll Administrator,Nightfall,Jansecondhalf,Generate pay slip
John Doe,Payroll Administrator,Nightfall,Mayfirsthalf,Payroll Run Pay Calculation
John Doe,Payroll Administrator,Afternoon,Augsecondhalf,Generate pay slip
John Doe,Payroll Administrator,Early Day,Decsecondhalf,Run Pay Complete
John Doe,Payroll Administrator,Early Day,Maysecondhalf,Generate pay slip
John Doe,Payroll Administrator,Morning,Febfirsthalf,Run Retro Pay Complete
John Doe,Payroll Administrator,Morning,Marfirsthalf,Run Retro Pay Calculation
John Doe,Payroll Administrator,Afternoon,Jansecondhalf,Payroll Run Pay Calculation
John Doe,Payroll Administrator,Early Day,Febfirsthalf,Run Retro Pay Complete
John Doe,Payroll Administrator,Early Day,Mayfirsthalf,Generate pay slip
John Doe,Payroll Administrator,Early Day,Julsecondhalf,Create W-secondhalf Data
John Doe,Payroll Administrator,Afternoon,Marsecondhalf,Create One-Time Payment Plan
John Doe,Payroll Administrator,Afternoon,Sepfirsthalf,Create One-Time Payment Plan
John Doe,Payroll Administrator,Afternoon,Mayfirsthalf,My Payslips
John Doe,Payroll Administrator,Early Day,Febfirsthalf,Create One-Time Payment Plan
John Doe,Payroll Administrator,Nightfall,Octsecondhalf,Run Pay Complete
John Doe,Payroll Administrator,Afternoon,Sepfirsthalf,Benefit Elections
John Doe,Payroll Administrator,Afternoon,Novfirsthalf,Payroll Run Pay Calculation
John Doe,Payroll Administrator,Afternoon,Sepfirsthalf,Run Retro Pay Calculation
John Doe,Payroll Administrator,Early Day,Julsecondhalf,Run Retro Pay Calculation
John Doe,Payroll Administrator,Afternoon,Decsecondhalf,Payroll Run Pay Calculation
John Doe,Payroll Administrator,Early Day,Octfirsthalf,Create One-Time Payment Plan
John Doe,Payroll Administrator,Early Day,Maysecondhalf,Generate pay slip
John Doe,Payroll Administrator,Early Day,Marfirsthalf,Create One-Time Payment Plan
John Doe,Payroll Administrator,Nightfall,Febsecondhalf,Payroll Run Pay Calculation
John Doe,Payroll Administrator,Morning,Julsecondhalf,Generate pay slip
John Doe,Payroll Administrator,Nightfall,Maysecondhalf,Generate pay slip
John Doe,Payroll Administrator,Nightfall,Marsecondhalf,Run Pay Complete
John Doe,Payroll Administrator,Afternoon,Octsecondhalf,Generate pay slip
John Doe,Payroll Administrator,Afternoon,Sepfirsthalf,Generate pay slip
John Doe,Payroll Administrator,Afternoon,Augfirsthalf,Run Pay Complete
John Doe,Payroll Administrator,Nightfall,Octsecondhalf,Create One-Time Payment Plan
John Doe,Payroll Administrator,Nightfall,Novfirsthalf,Generate pay slip
John Doe,Payroll Administrator,Afternoon,Decsecondhalf,Payroll Run Pay Calculation
John Doe,Payroll Administrator,Early Day,Mayfirsthalf,Run Retro Pay Calculation
John Doe,Payroll Administrator,Early Day,Decfirsthalf,Run Retro Pay Complete
John Doe,Payroll Administrator,Afternoon,Augsecondhalf,Generate pay slip
John Doe,Payroll Administrator,Nightfall,Janfirsthalf,Generate pay slip
John Doe,Payroll Administrator,Nightfall,Octsecondhalf,Create One-Time Payment Plan
John Doe,Payroll Administrator,Early Day,Novfirsthalf,Create One-Time Payment Plan
John Doe,Payroll Administrator,Early Day,Novfirsthalf,Run Retro Pay Calculation
John Doe,Payroll Administrator,Afternoon,Mayfirsthalf,Run Retro Pay Complete
John Doe,Payroll Administrator,Afternoon,Mayfirsthalf,Create One-Time Payment Plan
John Doe,Payroll Administrator,Afternoon,Sepfirsthalf,Run Retro Pay Calculation
John Doe,Payroll Administrator,Afternoon,Julsecondhalf,Create One-Time Payment Plan
John Doe,Payroll Administrator,Morning,Decfirsthalf,Run Retro Pay Calculation
John Doe,Payroll Administrator,Morning,Junsecondhalf,Payroll register
John Doe,Payroll Administrator,Nightfall,Sepsecondhalf,Payroll Run Pay Calculation
John Doe,Payroll Administrator,Afternoon,Julsecondhalf,My Payslips
John Doe,Payroll Administrator,Nightfall,Aprfirsthalf,Generate pay slip
John Doe,Payroll Administrator,Morning,Julsecondhalf,Run Retro Pay Complete
John Doe,Payroll Administrator,Morning,Decfirsthalf,Create W-secondhalf Data
John Doe,Payroll Administrator,Afternoon,Marsecondhalf,Payroll Run Pay Calculation
John Doe,Payroll Administrator,Morning,Junsecondhalf,Payroll register
John Doe,Payroll Administrator,Nightfall,Marsecondhalf,Generate pay slip
John Doe,Payroll Administrator,Nightfall,Augsecondhalf,Run Retro Pay Calculation
John Doe,Payroll Administrator,Early Day,Julsecondhalf,Create One-Time Payment Plan
John Doe,Payroll Administrator,Morning,Junsecondhalf,Payroll Run Pay Calculation
John Doe,Payroll Administrator,Nightfall,Maysecondhalf,Payroll Run Pay Calculation
John Doe,Payroll Administrator,Early Day,Julsecondhalf,Create One-Time Payment Plan
John Doe,Payroll Administrator,Afternoon,Octfirsthalf,W-secondhalf Preview
John Doe,Payroll Administrator,Nightfall,Aprsecondhalf,Run Pay Complete
John Doe,Payroll Administrator,Early Day,Janfirsthalf,Create One-Time Payment Plan
John Doe,Payroll Administrator,Afternoon,Marsecondhalf,Run Pay Complete
John Doe,Payroll Administrator,Early Day,Octfirsthalf,Run Retro Pay Calculation
John Doe,Payroll Administrator,Early Day,Decfirsthalf,Run Retro Pay Complete
John Doe,Payroll Administrator,Nightfall,Novsecondhalf,Generate pay slip
John Doe,Payroll Administrator,Afternoon,Augsecondhalf,Run Retro Pay Calculation
John Doe,Payroll Administrator,Morning,Janfirsthalf,Run Retro Pay Calculation
John Doe,Payroll Administrator,Afternoon,Marsecondhalf,Run Retro Pay Calculation
John Doe,Payroll Administrator,Early Day,Mayfirsthalf,Run Retro Pay Complete
John Doe,Payroll Administrator,Nightfall,Julsecondhalf,Payroll Run Pay Calculation
John Doe,Payroll Administrator,Afternoon,Jansecondhalf,Payroll Run Pay Calculation
John Doe,Payroll Administrator,Early Day,Febfirsthalf,Run Retro Pay Complete
John Doe,Payroll Administrator,Nightfall,Febfirsthalf,Payroll Run Pay Calculation
John Doe,Payroll Administrator,Nightfall,Sepsecondhalf,Payroll Run Pay Calculation
John Doe,Payroll Administrator,Early Day,Decfirsthalf,Run Retro Pay Complete
John Doe,Payroll Administrator,Early Day,Sepfirsthalf,Run Retro Pay Complete
John Doe,Payroll Administrator,Afternoon,Julsecondhalf,Create One-Time Payment Plan
John Doe,Payroll Administrator,Morning,Junsecondhalf,Run Retro Pay Complete
John Doe,Payroll Administrator,Nightfall,Junsecondhalf,Payroll register
John Doe,Payroll Administrator,Nightfall,Junfirsthalf,Create One-Time Payment Plan
John Doe,Payroll Administrator,Morning,Decsecondhalf,Payroll Run Pay Calculation
John Doe,Payroll Administrator,Afternoon,Augsecondhalf,Run Retro Pay Complete
John Doe,Payroll Administrator,Afternoon,Julsecondhalf,Generate pay slip
John Doe,Payroll Administrator,Morning,Aprsecondhalf,Payroll Run Pay Calculation
John Doe,Payroll Administrator,Afternoon,Marsecondhalf,Run Pay Complete
John Doe,Payroll Administrator,Nightfall,Jansecondhalf,Payroll Run Pay Calculation
John Doe,Payroll Administrator,Afternoon,Novfirsthalf,Run Retro Pay Complete
John Doe,Payroll Administrator,Early Day,Sepfirsthalf,Run Retro Pay Complete
John Doe,Payroll Administrator,Early Day,Octsecondhalf,Generate pay slip
John Doe,Payroll Administrator,Morning,Mayfirsthalf,Run Retro Pay Complete
John Doe,Payroll Administrator,Nightfall,Julsecondhalf,Run Pay Complete
John Doe,Payroll Administrator,Early Day,Aprsecondhalf,Create One-Time Payment Plan
John Doe,Payroll Administrator,Early Day,Mayfirsthalf,Generate pay slip
John Doe,Payroll Administrator,Nightfall,Aprsecondhalf,Create One-Time Payment Plan
John Doe,Payroll Administrator,Morning,Decfirsthalf,Create W-secondhalf Data
John Doe,Payroll Administrator,Morning,Decsecondhalf,Payroll Run Pay Calculation
John Doe,Payroll Administrator,Early Day,Junsecondhalf,My Payslips
John Doe,Payroll Administrator,Nightfall,Octfirsthalf,Run Retro Pay Complete
John Doe,Payroll Administrator,Afternoon,Julsecondhalf,Run Retro Pay Complete
John Doe,Payroll Administrator,Nightfall,Mayfirsthalf,Payroll Run Pay Calculation
John Doe,Payroll Administrator,Afternoon,Octsecondhalf,Payroll Run Pay Calculation
John Doe,Payroll Administrator,Early Day,Augfirsthalf,Create One-Time Payment Plan
John Doe,Payroll Administrator,Early Day,Junsecondhalf,Generate pay slip
John Doe,Payroll Administrator,Afternoon,Augsecondhalf,Generate pay slip
John Doe,Payroll Administrator,Afternoon,Augfirsthalf,Generate pay slip
John Doe,Payroll Administrator,Nightfall,Decfirsthalf,Run Retro Pay Complete
John Doe,Payroll Administrator,Early Day,Octfirsthalf,Run Retro Pay Complete
John Doe,Payroll Administrator,Morning,Janfirsthalf,Run Retro Pay Calculation
John Doe,Payroll Administrator,Nightfall,Mayfirsthalf,Run Pay Complete
John Doe,Payroll Administrator,Nightfall,Maysecondhalf,Payroll Run Pay Calculation
John Doe,Payroll Administrator,Nightfall,Jansecondhalf,Create One-Time Payment Plan
John Doe,Payroll Administrator,Morning,Aprfirsthalf,Run Retro Pay Calculation
John Doe,Payroll Administrator,Early Day,Decfirsthalf,Generate pay slip
John Doe,Payroll Administrator,Afternoon,Marsecondhalf,Run Retro Pay Calculation
John Doe,Payroll Administrator,Afternoon,Octsecondhalf,Generate pay slip
John Doe,Payroll Administrator,Morning,Novfirsthalf,Payroll Run Pay Calculation
John Doe,Payroll Administrator,Afternoon,Marfirsthalf,Create W-secondhalf Data
John Doe,Payroll Administrator,Early Day,Junfirsthalf,Run Retro Pay Calculation
John Doe,Payroll Administrator,Afternoon,Sepsecondhalf,Run Retro Pay Complete
John Doe,Payroll Administrator,Early Day,Aprfirsthalf,Run Retro Pay Calculation
John Doe,Payroll Administrator,Afternoon,Mayfirsthalf,Create One-Time Payment Plan
John Doe,Payroll Administrator,Early Day,Janfirsthalf,Run Retro Pay Complete
John Doe,Payroll Administrator,Morning,Julfirsthalf,Run Retro Pay Complete
John Doe,Payroll Administrator,Afternoon,Junsecondhalf,Payroll Run Pay Calculation
John Doe,Payroll Administrator,Early Day,Aprfirsthalf,Run Retro Pay Complete
John Doe,Payroll Administrator,Nightfall,Julsecondhalf,Run Pay Complete
John Doe,Payroll Administrator,Morning,Julsecondhalf,Create W-secondhalf Data
John Doe,Payroll Administrator,Afternoon,Junsecondhalf,Create One-Time Payment Plan
John Doe,Payroll Administrator,Morning,Junsecondhalf,Run Pay Complete
John Doe,Payroll Administrator,Nightfall,Aprsecondhalf,Payroll register
John Doe,Payroll Administrator,Afternoon,Octsecondhalf,Payroll Run Pay Calculation
John Doe,Payroll Administrator,Morning,Sepfirsthalf,Run Retro Pay Calculation
John Doe,Payroll Administrator,Afternoon,Decsecondhalf,Payroll Run Pay Calculation
John Doe,Payroll Administrator,Afternoon,Junsecondhalf,Run Retro Pay Complete
John Doe,Payroll Administrator,Early Day,Marfirsthalf,Create One-Time Payment Plan
John Doe,Payroll Administrator,Nightfall,Octsecondhalf,Create One-Time Payment Plan
John Doe,Payroll Administrator,Nightfall,Novfirsthalf,Generate pay slip
John Doe,Payroll Administrator,Early Day,Marfirsthalf,Run Retro Pay Calculation
John Doe,Payroll Administrator,Morning,Julfirsthalf,Run Retro Pay Calculation
John Doe,Payroll Administrator,Nightfall,Febsecondhalf,Payroll Run Pay Calculation
John Doe,Payroll Administrator,Early Day,Julsecondhalf,Payroll Run Pay Calculation
John Doe,Payroll Administrator,Morning,Jansecondhalf,Run Pay Complete
John Doe,Payroll Administrator,Afternoon,Jansecondhalf,Create One-Time Payment Plan
John Doe,Payroll Administrator,Morning,Julfirsthalf,Run Retro Pay Calculation
John Doe,Payroll Administrator,Nightfall,Marsecondhalf,Payroll Run Pay Calculation
John Doe,Payroll Administrator,Nightfall,Janfirsthalf,Generate pay slip
John Doe,Payroll Administrator,Nightfall,Augsecondhalf,Run Retro Pay Calculation
John Doe,Payroll Administrator,Nightfall,Octsecondhalf,Run Retro Pay Complete
John Doe,Payroll Administrator,Early Day,Aprfirsthalf,Run Retro Pay Calculation
John Doe,Payroll Administrator,Nightfall,Sepfirsthalf,Run Pay Complete
John Doe,Payroll Administrator,Early Day,Novfirsthalf,Create One-Time Payment Plan
John Doe,Payroll Administrator,Nightfall,Augsecondhalf,Payroll Run Pay Calculation
John Doe,Payroll Administrator,Afternoon,Mayfirsthalf,Create One-Time Payment Plan
John Doe,Payroll Administrator,Nightfall,Novsecondhalf,Generate pay slip
John Doe,Payroll Administrator,Early Day,Augfirsthalf,Create One-Time Payment Plan
John Doe,Payroll Administrator,Morning,Novfirsthalf,Run Retro Pay Complete
John Doe,Payroll Administrator,Nightfall,Marfirsthalf,Create One-Time Payment Plan
John Doe,Payroll Administrator,Early Day,Decsecondhalf,Generate pay slip
John Doe,Payroll Administrator,Morning,Sepfirsthalf,Run Retro Pay Calculation
John Doe,Payroll Administrator,Early Day,Aprsecondhalf,Run Retro Pay Complete
John Doe,Payroll Administrator,Morning,Sepfirsthalf,Run Pay Complete
John Doe,Payroll Administrator,Afternoon,Julsecondhalf,Run Pay Complete
John Doe,Payroll Administrator,Afternoon,Julsecondhalf,Run Pay Complete
John Doe,Payroll Administrator,Morning,Augfirsthalf,Run Retro Pay Calculation
John Doe,Payroll Administrator,Nightfall,Octsecondhalf,Run Pay Complete
John Doe,Payroll Administrator,Morning,Novsecondhalf,Run Pay Complete
John Doe,Payroll Administrator,Afternoon,Mayfirsthalf,My Payslips
John Doe,Payroll Administrator,Early Day,Augfirsthalf,Run Retro Pay Complete
John Doe,Payroll Administrator,Morning,Mayfirsthalf,Run Retro Pay Complete
John Doe,Payroll Administrator,Afternoon,Febfirsthalf,Run Retro Pay Calculation
John Doe,Payroll Administrator,Nightfall,Julsecondhalf,Run Pay Complete
John Doe,Payroll Administrator,Morning,Jansecondhalf,Payroll register
John Doe,Payroll Administrator,Afternoon,Junsecondhalf,Generate pay slip
John Doe,Payroll Administrator,Afternoon,Octfirsthalf,W-secondhalf Preview
John Doe,Payroll Administrator,Afternoon,Novfirsthalf,Run Retro Pay Calculation
John Doe,Payroll Administrator,Afternoon,Julsecondhalf,Run Pay Complete
John Doe,Payroll Administrator,Early Day,Maysecondhalf,Generate pay slip
John Doe,Payroll Administrator,Early Day,Janfirsthalf,Run Retro Pay Complete
John Doe,Payroll Administrator,Afternoon,Marsecondhalf,Payroll Run Pay Calculation
John Doe,Payroll Administrator,Morning,Junsecondhalf,Create One-Time Payment Plan
John Doe,Payroll Administrator,Afternoon,Novfirsthalf,Create One-Time Payment Plan
John Doe,Payroll Administrator,Afternoon,Sepfirsthalf,Create One-Time Payment Plan
John Doe,Payroll Administrator,Afternoon,Julsecondhalf,Run Pay Complete
John Doe,Payroll Administrator,Afternoon,Jansecondhalf,Create One-Time Payment Plan
John Doe,Payroll Administrator,Afternoon,Febfirsthalf,My Payslips
John Doe,Payroll Administrator,Morning,Octfirsthalf,Run Retro Pay Complete
John Doe,Payroll Administrator,Afternoon,Aprsecondhalf,Generate pay slip
John Doe,Payroll Administrator,Morning,Junsecondhalf,Run Pay Complete
John Doe,Payroll Administrator,Afternoon,Julsecondhalf,Run Pay Complete
John Doe,Payroll Administrator,Early Day,Marsecondhalf,Payroll Run Pay Calculation
John Doe,Payroll Administrator,Morning,Marfirsthalf,Run Retro Pay Calculation
John Doe,Payroll Administrator,Nightfall,Octsecondhalf,Create One-Time Payment Plan
John Doe,Payroll Administrator,Afternoon,Janfirsthalf,Payroll Run Pay Calculation
John Doe,Payroll Administrator,Afternoon,Augsecondhalf,Payroll Run Pay Calculation
John Doe,Payroll Administrator,Afternoon,Octsecondhalf,Payroll Run Pay Calculation
John Doe,Payroll Administrator,Morning,Marsecondhalf,Payroll Run Pay Calculation
John Doe,Payroll Administrator,Morning,Janfirsthalf,Run Retro Pay Calculation
John Doe,Payroll Administrator,Morning,Augsecondhalf,Generate pay slip
John Doe,Payroll Administrator,Early Day,Sepfirsthalf,Create One-Time Payment Plan
John Doe,Payroll Administrator,Early Day,Sepfirsthalf,Run Retro Pay Complete
John Doe,Payroll Administrator,Morning,Novfirsthalf,Run Retro Pay Calculation
John Doe,Payroll Administrator,Morning,Augfirsthalf,Run Retro Pay Calculation
John Doe,Payroll Administrator,Morning,Aprfirsthalf,Run Retro Pay Calculation
John Doe,Payroll Administrator,Early Day,Julsecondhalf,Payroll Run Pay Calculation
John Doe,Payroll Administrator,Early Day,Junsecondhalf,My Payslips
John Doe,Payroll Administrator,Morning,Marfirsthalf,Run Retro Pay Complete
John Doe,Payroll Administrator,Afternoon,Novfirsthalf,Run Retro Pay Calculation
John Doe,Payroll Administrator,Early Day,Augfirsthalf,Run Retro Pay Complete
John Doe,Payroll Administrator,Nightfall,Julfirsthalf,Benefit Elections
John Doe,Payroll Administrator,Early Day,Augfirsthalf,Run Retro Pay Complete
John Doe,Payroll Administrator,Morning,Janfirsthalf,Run Retro Pay Calculation
John Doe,Payroll Administrator,Afternoon,Augsecondhalf,Create One-Time Payment Plan
John Doe,Payroll Administrator,Morning,Octfirsthalf,Run Retro Pay Complete
John Doe,Payroll Administrator,Afternoon,Aprsecondhalf,Run Retro Pay Calculation
John Doe,Payroll Administrator,Nightfall,Febsecondhalf,Generate pay slip
John Doe,Payroll Administrator,Nightfall,Aprsecondhalf,Run Pay Complete
John Doe,Payroll Administrator,Morning,Julsecondhalf,Create W-secondhalf Data
John Doe,Payroll Administrator,Nightfall,Aprsecondhalf,Run Pay Complete
John Doe,Payroll Administrator,Afternoon,Octfirsthalf,Create One-Time Payment Plan
John Doe,Payroll Administrator,Nightfall,Octsecondhalf,Create One-Time Payment Plan
John Doe,Payroll Administrator,Morning,Novfirsthalf,My Payslips
John Doe,Payroll Administrator,Morning,Novfirsthalf,Run Retro Pay Calculation
John Doe,Payroll Administrator,Afternoon,Mayfirsthalf,Run Retro Pay Calculation
John Doe,Payroll Administrator,Nightfall,Jansecondhalf,Run Pay Complete
John Doe,Payroll Administrator,Morning,Aprsecondhalf,Run Pay Complete
John Doe,Payroll Administrator,Early Day,Novfirsthalf,Run Retro Pay Calculation
John Doe,Payroll Administrator,Afternoon,Janfirsthalf,My Payslips
John Doe,Payroll Administrator,Early Day,Sepfirsthalf,Create One-Time Payment Plan
John Doe,Payroll Administrator,Early Day,Aprfirsthalf,Run Retro Pay Calculation
John Doe,Payroll Administrator,Nightfall,Marsecondhalf,Payroll Run Pay Calculation
John Doe,Payroll Administrator,Afternoon,Novfirsthalf,Create One-Time Payment Plan
John Doe,Payroll Administrator,Morning,Julsecondhalf,Run Retro Pay Complete
John Doe,Payroll Administrator,Afternoon,Decfirsthalf,Run Pay Complete
John Doe,Payroll Administrator,Early Day,Novfirsthalf,Run Retro Pay Calculation
John Doe,Payroll Administrator,Early Day,Julsecondhalf,Create W-secondhalf Data
John Doe,Payroll Administrator,Afternoon,Octfirsthalf,My Payslips
John Doe,Payroll Administrator,Early Day,Julsecondhalf,Create One-Time Payment Plan
John Doe,Payroll Administrator,Afternoon,Decsecondhalf,Run Retro Pay Calculation
John Doe,Payroll Administrator,Morning,Julsecondhalf,Generate pay slip